,Source Name,Author,Title,Description,URL,Published At,Content
77,Theonion.com,Skyler Higley,Post-Credits ‘Marvels’ Scene Teases Better Film That Actors Could’ve Been In If MCU Didn’t Exist,"los angeles—following the conclusion of the marvels, the latest film in the marvel cinematic universe, a post-credits scene teases a much better film that all the actors could’ve been in if the mcu didn’t exist. “after the credits rolled, the screen opened on…",https://www.theonion.com/post-credits-marvels-scene-teases-better-film-that-ac-1851017480,2023-11-13T19:25:00Z,"LOS ANGELESFollowing the conclusion of The Marvels, the latest film in the Marvel Cinematic Universe, a post-credits scene teases a much better film that all the actors couldve been in if the MCU did… [+1026 chars]"
78,ComingSoon.net,Jonathan Sim,Thanksgiving Review: A Surprisingly Fun Slasher,"every halloween, many horror fans watch halloween. every christmas, some horror fans watch black christmas. however, thanksgiving-themed horror is a rarity. fortunately, thanksgiving carves a unique niche in the horror genre by serving up a blood-soaked feast…",https://www.comingsoon.net/movies/reviews/1410409-thanksgiving-review-a-surprisingly-fun-slasher,2023-11-23T20:00:00Z,"Every Halloween, many horror fans watch Halloween. Every Christmas, some horror fans watch Black Christmas. However, Thanksgiving-themed horror is a rarity. Fortunately, Thanksgiving carves a unique … [+4979 chars]"
79,Bleeding Cool News,Jeremy Konrad,"Five Nights At Freddy's Hits Blu-ray December 12th, Digital Next Week","five nights at freddy's has been a smash success at the fall box office, and universal and blumhouse are rushing to make sure fans can enjoy the film at home for the holidays. the horror hit is set to release on digital rental services next tuesday, november …",https://bleedingcool.com/movies/five-nights-at-freddys-digital-next-week-disc-december-12/,2023-11-21T19:17:08Z,"Posted in: 4K/Blu-Ray, Movies, Universal | Tagged: blumhouse, five nights at freddy's, universal
Five Nights At Freddy's fans will have the hit film to watch at home soon, as it hits digital next we… [+2998 chars]"
80,/FILM,staff@slashfilm.com (Witney Seibold),The Five Nights At Freddy's Movie Finally Put A Bonnie Debate To Rest,"five nights at freddy&amp;#39;s fans have been arguing the true color of bonnie the bunny for years, but the movie finally puts an end to the blue vs. purple debate.",https://www.slashfilm.com/1447167/five-nights-at-freddys-bonnie-color-debate-solved/,2023-11-18T18:45:00Z,"In Emma Tammi's new horror film ""Five Nights at Freddy's,"" based on the popular video game series, a night watchman (Josh Hutcherson) is stalked through a disused, 1980s pizza restaurant/arcade calle… [+1518 chars]"
81,GQ Magazine,Jesse Hassenger,There Are Only Thirteen Good Thanksgiving Movies,"no disrespect to anyone else's list of the 148 best thanksgiving movies, but films that actually engage with the themes of this emotionally-complex holiday are rare. here's a few that get it right.",https://www.gq.com/story/there-are-only-thirteen-good-thanksgiving-movies,2023-11-21T16:52:28Z,"Though its arguably the most American holiday this side of Independence Day, Thanksgiving often gets short shrift from popular culture. Even one of Americas most visible Thanksgiving traditionsthe Ma… [+3829 chars]"
82,tomandlorenzo.com,Lorenzo Marquez,Style File: Rachel Zegler Promotes THE HUNGER GAMES: THE BALLAD OF SONGBIRDS AND SNAKES in New York,the hunger games: the ballad of songird & snakes star rachel zegler hit the streets hard to serve looks and promo the hell out of her film. let’s assess.   at good morning america in ami paris aggressively neutral. this gal loves ensembles the color of dust w…,https://tomandlorenzo.com/2023/11/style-file-rachel-zegler-promotes-the-hunger-games-the-ballad-of-songbirds-and-snakes-in-new-york/,2023-11-16T22:05:11Z,"Pin
The Hunger Games: The Ballad of Songird &amp; Snakes star Rachel Zegler hit the streets hard to serve looks and promo the hell out of her film. Let’s assess.
AT GOOD MORNING AMERICA in AMI Pari… [+1483 chars]"
83,Bleeding Cool News,Jeremy Konrad,Thanksgiving Figures Galore Up For Preorder At NECA Store,"thanksgiving, the new slasher film from director eli roth, is getting a slew of releases from neca that are up for preorder today. their various lines are represented: ultimates, retro cloth, plush, toony terrors, and even mask ad shirt sets. the ultimates fi…",https://bleedingcool.com/collectibles/neca-thanksgiving-ultimates-cloth-plush-preorder/,2023-11-17T18:57:10Z,"Posted in: Collectibles, NECA | Tagged: eli roth, NECA, thanksgiving, The Carver
Thanksgiving is now playing in theaters, and NECA has a plethora of figures and merch up for preorder starting today.… [+2788 chars]"
84,Daily Beast,Eric Olson,Joaquin Phoenix Is the Sad Boy Napoleon We Deserve,"photo illustration by thomas levinson/the daily beast/apple tv+
of the many criticisms lobbed at napoleon bonaparte, none hits the mark like the emperor’s portrayal in leo tolstoy’s war and peace (1869). the russian novelist had a habit of stripping characte…",https://www.thedailybeast.com/obsessed/joaquin-phoenix-is-the-sad-boy-napoleon-we-deserve-in-new-movie,2023-11-23T09:41:40Z,"Of the many criticisms lobbed at Napoleon Bonaparte, none hits the mark like the emperors portrayal in Leo Tolstoys War and Peace (1869). The Russian novelist had a habit of stripping characters down… [+9399 chars]"
85,/FILM,staff@slashfilm.com (Ryan Scott),Five Nights At Freddy's Is Now Blumhouse's Biggest Movie Ever At The Box Office,"blumhouse has a long history of monster horror hits at the box office, but five nights at freddy&amp;#39;s is officially their biggest smash yet.",https://www.slashfilm.com/1455942/five-nights-at-freddys-blumhouses-biggest-movie-ever-box-office/,2023-11-27T21:00:39Z,"""Five Nights at Freddy's"" centers on a troubled security guard who reluctantly takes a job at the long-abandoned Freddy Fazbear's Pizzeria. He soon realizes the late shift at Freddy's won't be so eas… [+1606 chars]"
86,GameSpot,Eddie Makuch,"Five Nights At Freddy's Movie Passes $200 Million Worldwide, Despite Second-Weekend Dropoff","the five nights at freddy's movie has now cleared more than $200 million at the box office against a reported budget of $20 million. according to the latest box office numbers from variety, the fnaf film earned another $19.4 million in the us for its second w…",https://www.gamespot.com/articles/five-nights-at-freddys-movie-passes-200-million-worldwide-despite-second-weekend-dropoff/1100-6518937/,2023-11-06T18:24:00Z,"The Five Nights at Freddy's movie has now cleared more than $200 million at the box office against a reported budget of $20 million. According to the latest box office numbers from Variety, the FNAF … [+1715 chars]"
87,taz.de,Fabian Tietke,Neuer Film „Napoleon“: Ein Mann fällt aufwärts,ridley scott zeichnet mit „napoleon“ ein wenig vorteilhaftes porträt des französischen diktators. joaquin phoenix gibt den herrscher mit zweispitz.,https://taz.de/Neuer-Film-Napoleon/!5971020/,2023-11-20T12:12:00Z,"Ridley Scott zeichnet mit Napoleon ein wenig vorteilhaftes Porträt des französischen Diktators. Joaquin Phoenix gibt den Herrscher mit Zweispitz.
Ein Held? Bei Ridley Scott ist Napoleon (Joaquin Pho… [+7539 chars]"
88,Hipertextual,Gonzalo Franco,"Entrevista a Ridley Scott (‘Napoleón’): «Si solo haces batallas y sexo, se vuelve aburrido»","ridley scott tiene todo listo para estrenar napoléon. su macroproyecto es una de las películas más esperadas del año. encabezado por joaquín phoenix y vanessa kirby, el filme presenta toda la historia del legendario militar francés. ambicioso y despiadado, co…",http://hipertextual.com/2023/11/entrevista-a-ridley-scott-napoleon,2023-11-22T08:00:00Z,"Ridley Scott tiene todo listo para estrenar Napoléon. Su macroproyecto es una de las películas más esperadas del año. Encabezado por Joaquín Phoenix y Vanessa Kirby, el filme presenta toda la histori… [+5610 chars]"
89,Gazzetta.it,Lucia Resta,Brie Larson dall'allenamento da atleta per The Marvels al pilates per restare in forma,"per brie larson fisico da supereroina nel film adesso al cinema the marvels: ecco come si è preparata tra allenamenti, dieta e sport praticati per passione.",https://www.gazzetta.it/fitness/storie/09-11-2023/brie-larson-fisico-da-marvel-con-allenamento-e-dieta-ecco-come-fa/the-marvels.shtml,2023-11-09T11:33:39Z,"Da ieri è arrivato anche nei cinema italiani The Marvels, il nuovo film del Marvel Cinematic Universe con un cast prevalentemente al femminile, diretto dalla regista Nia DaCosta. È il sequel di Capta… [+977 chars]"
90,Espinof.com,Mikel Zorrilla,Todas las películas de 'Los juegos del hambre' en orden de peor a mejor,"una de las mayores franquicias cinematográficas de la pasada década fue 'los juegos del hambre', la cual adaptaba las populares novelas de suzanne collins. la saga parecía completamente cerrada, pero la escritora se sacó de la manda 'balada de pájaros cantore…",https://www.espinof.com/listas/todas-peliculas-juegos-hambre-orden-peor-a-mejor,2023-11-18T19:01:26Z,"Una de las mayores franquicias cinematográficas de la pasada década fue 'Los juegos del hambre', la cual adaptaba las populares novelas de Suzanne Collins. La saga parecía completamente cerrada, pero… [+4700 chars]"
91,/FILM,staff@slashfilm.com (Jenna Busch),Ridley Scott Has Turned Down A Few Superhero Movies: 'Not For Me',"while ridley scott doesn&amp;#39;t hate superhero movies on principle, he would rather focus his time and effort on telling other kinds of stories.",https://www.slashfilm.com/1447934/ridley-scott-has-turned-down-superhero-movies/,2023-11-19T15:45:17Z,"Still, Scott has been offered more than one superhero film. As much as the theoretical side of my brain would like to see Ridley Scott do an X-Men movie, the practical side doesn't. The films Scott d… [+1441 chars]"
92,JoBlo.com,JimmyO,Interview: Eli Roth Talks Thanksgiving,"we talk with eli roth about his latest, the long awaited holiday-themed slasher, thanksgiving, starring patrick dempsey
the post interview: eli roth talks thanksgiving appeared first on joblo.",https://www.joblo.com/interview-eli-roth-talks-thanksgiving/,2023-11-15T17:06:54Z,"We talk with Eli Roth about his latest, the long awaited holiday-themed slasher, Thanksgiving, starring Patrick Dempsey
It started with Halloween. At an early age, I realized that holiday-themed hor… [+1496 chars]"
93,CBM (Comic Book Movie),JoshWilding,"THE MARVELS Director Nia DaCosta Responds To Those Who Believe MCU Sequel Is ""Too Woke""","the marvels hasn't had a super weekend at the box office, and there are plenty of people revelling in the ""woke"" captain marvel sequel's box office struggles. now, filmmaker nia dacosta has chimed in...",https://comicbookmovie.com/captain-marvel/the-marvels/the-marvels-director-nia-dacosta-responds-to-those-who-believe-mcu-sequel-is-too-woke-a207765,2023-11-12T15:11:00Z,"""Woke"" appears to be the word of the moment right now, with any movie or TV show that doesn't conform to a certain standard often given that label. It's hardly a surprise then that The Marvels, a mov… [+2456 chars]"
94,The A.V. Club,Matthew Jackson,"Every Ridley Scott movie ranked, including Napoleon","it’s been nearly five decades since ridley scott’s first feature film, the duellists, hit theaters, and now, even well into his 80s, the legendary filmmaker shows no signs of slowing. napoleon, his latest feature, is as grand and intense as anything else in h…",https://www.avclub.com/every-ridley-scott-movie-ranked-including-napoleon-1851029272,2023-11-22T13:00:00Z,"Its been nearly five decades since Ridley Scotts first feature film, The Duellists, hit theaters, and now, even well into his 80s, the legendary filmmaker shows no signs of slowing. Napoleon, his lat… [+18318 chars]"
95,Us Weekly,Ryan Hudgins,Rachel Zegler and Josh Andres Rivera Passed Notes on 'Hunger Games' Set,"rachel zegler and josh andrés rivera just proved they are relationship goals. while filming the hunger games: the ballad of songbirds and snakes in 2022, zegler, 22, and rivera, 28, revealed they passed notes to each other. rivera said the tradition of passin…",https://www.usmagazine.com/celebrity-news/news/rachel-zegler-josh-andres-rivera-passed-notes-on-hunger-games-set/#article,2023-11-20T02:41:52Z,"Rachel Zegler and Josh Andrés Rivera just proved they are relationship goals.
While filming The Hunger Games: The Ballad of Songbirds and Snakes in 2022, Zegler, 22, and Rivera, 28, revealed they pa… [+2180 chars]"
96,JoBlo.com,Mathew Plale,Eli Roth wants Thanksgiving to launch a holiday horror franchise,"eli roth can see thanksgiving spawning an entire universe of holiday-themed horror movies for a new generation.
the post eli roth wants thanksgiving to launch a holiday horror franchise appeared first on joblo.",https://www.joblo.com/eli-roth-wants-thanksgiving-to-launch-a-holiday-horror-franchise/,2023-11-17T13:32:33Z,"Eli Roth can see Thanksgiving spawning an entire universe of holiday-themed horror movies for a new generation.Many of us have our Thanksgiving plans all lined up, but Eli Roth has some ideas of his … [+1948 chars]"
97,The A.V. Club,The A.V. Club Bot,"Brie Larson's top-rated movies and TV shows, according to IMDb","a look at the star's top projects, from captain marvel to room to lessons in chemistry",https://www.avclub.com/brie-larsons-top-rated-movies-and-tv-shows-according-t-1850997428,2023-11-07T01:33:00Z,"After the devastating events of Avengers: Infinity War (2018), the universe is in ruins. With the help of remaining allies, the Avengers assemble once more in order to reverse Thanos actions and rest… [+226 chars]"
98,/FILM,staff@slashfilm.com (Bill Bria),Napoleon Ending Explained: The French Mistake,"let&amp;#39;s put on our bicorne spoiler hats and look at the ending of ridley scott&amp;#39;s historical epic napoleon, starring joaquin phoenix and vanessa kirby.",https://www.slashfilm.com/1452810/napoleon-ending-explained/,2023-11-22T12:00:00Z,"Like so many problematic figures of history and fiction, Napoleon (like Marie at the beginning of the film) comes to an ignoble end. Instead of dying a hero or with honor on the battlefield, he's kep… [+1934 chars]"
99,GameSpot,Phil Owen,The Hunger Games: The Ballad Of Songbirds And Snakes Review - Series Best,"i wasn't really worried about whether director francis lawrence, who shepherded three of the four previous hunger games movies, would deliver a very well made and watchable flick with the hunger games: a ballad of songbirds and snakes. but i was worried that …",https://www.gamespot.com/reviews/the-hunger-games-the-ballad-of-songbirds-and-snakes-review-series-best/1900-6418155/,2023-11-09T19:00:00Z,"I wasn't really worried about whether director Francis Lawrence, who shepherded three of the four previous Hunger Games movies, would deliver a very well made and watchable flick with The Hunger Game… [+6692 chars]"
100,La Vanguardia,Marcos Catalán,Último tráiler de una Napoleón que se estrena hoy en cines,"ridley scott, el maestro del cine épico, nos sumerge nuevamente en la historia con su última creación, napoleón. después de conquistar el espacio en alien y los mundos futuristas en blade runner, scott se adentra en la francia napoleónica para narrar la vida …",https://www.lavanguardia.com/andro4all/series/ultimo-trailer-de-una-napoleon-que-se-estrena-hoy-en-cines,2023-11-24T17:45:08Z,"Joaquin Phoenix siempre sombrío
Ridley Scott, el maestro del cine épico, nos sumerge nuevamente en la historia con su última creación, Napoleón. Después de conquistar el espacio en Alien y los mundo… [+2258 chars]"
101,Slate.fr,Slate.fr,La grande histoire d'amour entre Napoléon et Joséphine n'est-elle qu'un mythe?,"certains historiens accusent ridley scott de l'avoir exagérée dans son film. dans le dernier film de ridley scott, napoléon, joaquin phoenix interprète l'empereur qui a, selon le réalisateur, «conquis le monde pour essayer de gagner l'amour de joséphine, et, …",https://www.slate.fr/story/256839/napoleon-histoire-amour-josephine-mythe-tomperie-passion,2023-11-24T20:00:00Z,"Temps de lecture: 2 min Repéré sur The Conversation
Dans le dernier film de Ridley Scott, Napoléon, Joaquin Phoenix interprète l'empereur qui a, selon le réalisateur, «conquis le monde pour essayer … [+3817 chars]"
102,Ovicio.com.br,Victor Nascimento,Five Nights At Freddy’s ultrapassa US$ 250 milhões ao redor do mundo,"five nights at freddy's: o pesadelo sem fim chegou a mais de us$ 250 milhões em bilheteria global. o filme teve um orçamento de apenas us$ 20 milhões, sem considerar os custos com marketing.",https://ovicio.com.br/five-nights-at-freddys-ultrapassa-us-250-milhoes-ao-redor-do-mundo/,2023-11-12T17:31:19Z,"Tempo estimado de leitura: 2 minutos
Five Nights At Freddy's: O Pesadelo Sem Fim chegou a mais de US$ 250 milhões em bilheteria global. O filme teve um orçamento de apenas US$ 20 milhões, sem consid… [+816 chars]"
103,Wealthofgeeks.com,Robert DeSalvo,‘Thanksgiving’ Director Eli Roth Says His Film’s Real Villain Is Black Friday,thanksgiving director eli roth says the real villain of his new holiday slasher film is aggressive black friday consumerism. the horror movie inspired by the ... read more,https://wealthofgeeks.com/thanksgiving-director-eli-roth-says-his-films-real-villain-is-black-friday/,2023-11-17T19:14:21Z,Thanksgiving director Eli Roth says the real villain of his new holiday slasher film is aggressive Black Friday consumerism. The horror movie inspired by the mock trailer from 2007's Grindhouse stars… [+3183 chars]
104,ComingSoon.net,Abdul Azim Naushad,"Thanksgiving Movie: Is There a Post-Credits, End-Credits, or Mid-Credits Scene?","fans want to know whether or not eli roth’s new slasher film thanksgiving has a post-credits, end-credits, or mid-credits scene awaiting them. here is all you need to know. does thanksgiving have a post-credits, end-credits, or mid-credits scene? no, thanksgi…",https://www.comingsoon.net/guides/news/1407982-thanksgiving-movie-post-credits-mid-credit-end-after-bonus-scene,2023-11-20T14:27:54Z,"Fans want to know whether or not Eli Roths new slasher film Thanksgiving has a post-credits, end-credits, or mid-credits scene awaiting them. Here is all you need to know. 
No, Thanksgiving does not… [+1896 chars]"
105,Xataka.com,Carlos Prego,'Napoleón' es la película más polémica de Ridley Scott en años. No entre los críticos: entre los historiadores,"no lleva ni tres días en cartelera, pero 'napoleón', el biopic dirigido por ridley scott y centrado en el corso más famoso de todos los tiempos, protagoniza ya una encendida polémica con encarnizadas críticas y aún más agrias réplicas del propio scott. nada e…",https://www.xataka.com/cine-y-tv/napoleon-pelicula-polemica-ridley-scott-anos-no-criticos-historiadores,2023-11-26T10:30:09Z,"No lleva ni tres días en cartelera, pero 'Napoleón', el biopic dirigido por Ridley Scott y centrado en el corso más famoso de todos los tiempos, protagoniza ya una encendida polémica con encarnizadas… [+8277 chars]"
106,Levelup.com,Ulises Contreras,Five Nights at Freddy’s tendría una versión extendida con nuevas escenas y más extras,"five nights at freddy’s, la adaptación del videojuego creado por el diseñador scott cawthon, debutó en halloween de 2023 tras pasar cerca de 10 años en producción. la espera valió la pena, pues el resultado final emocionó a los fanáticos del material original…",https://www.levelup.com/noticias/764544/Five-Nights-at-Freddys-tendria-una-version-extendida-con-nuevas-escenas-y-mas-extras,2023-11-19T18:35:00Z,"Five Nights at Freddys, la adaptación del videojuego creado por el diseñador Scott Cawthon, debutó en Halloween de 2023 tras pasar cerca de 10 años en producción. La espera valió la pena, pues el res… [+2733 chars]"
107,/FILM,staff@slashfilm.com (Ryan Scott),Thanksgiving 2 Is Happening With Eli Roth Coming Back For Seconds,"eli roth is returning to direct thanksgiving 2, a sequel to his hit slasher (itself inspired by roth&amp;#39;s original grindhouse trailer) that will arrive in 2025.",https://www.slashfilm.com/1459749/thanksgiving-2-happening-with-eli-roth/,2023-11-30T21:41:33Z,"The first film takes place after a Black Friday riot ends in tragedy. A mysterious killer terrorizes Plymouth, Massachusetts, picking off residents one by one. What begins as random revenge killings … [+1070 chars]"
108,Biztoc.com,looper.com,The Josh Hutcherson TikTok Trend Explained: How Whistle Became The New Rickroll,"the josh hutcherson tiktok trend explained: how whistle became the new rickroll josh hutcherson has been a hollywood heartthrob for a while now. he made his debut in the industry as a child actor, but he really broke out with his role as peeta in the ""hunger …",https://biztoc.com/x/6106113d90f4ae8f,2023-11-29T13:12:31Z,"The Josh Hutcherson TikTok Trend Explained: How Whistle Became The New RickrollJosh Hutcherson has been a Hollywood heartthrob for a while now. He made his debut in the industry as a child actor, but… [+296 chars]"
109,IGN,Alex Stedman,The Marvels Director Used Final Fantasy VII: Advent Children as a Reference When Pitching,the marvels director nia dacosta doesn't just love final fantasy vii: advent children - she used the 2005 movie as a reference when pitching to marvel.,https://www.ign.com/articles/the-marvels-director-used-final-fantasy-vii-advent-children-as-a-reference-when-pitching,2023-11-08T00:55:33Z,"Fans of Final Fantasy VII: Advent Children, The Marvels director Nia DaCosta isnt only among you she used the computer-animated film as inspiration.
Speaking to IGN at a recent press junket, DaCosta… [+2279 chars]"
111,Ovicio.com.br,Chico,Five Nights At Freddy’s registra recorde peculiar no Rotten Tomatoes,"o filme five nights at freddy’s: o pesadelo sem fim tem dividido opiniões, o que resultou em um recorde peculiar no rotten tomatoes.",https://ovicio.com.br/five-nights-at-freddys-registra-recorde-peculiar-no-rotten-tomatoes/,2023-11-18T19:52:29Z,"Tempo estimado de leitura: 2 minutos
O filme Five Nights At Freddys: O Pesadelo Sem Fim tem dividido opiniões, registrando péssimas avaliações da crítica especializada, mas agradando aos fãs da fran… [+1003 chars]"
112,Vida Extra,Juan Sanmartín,"""Es asombrosa"": Nia DaCosta flipó tanto con Final Fantasy VII: Advent Children que le inspiró al dirigir The Marvels","apenas un día nos separa del estreno de the marvels, la nueva gran producción proveniente de una desgastada factoría del ucm. la cinta de nia dacosta ha compartido su último tráiler con referencias a vengadores: endgame y apelando a la épica para intentar con…",https://www.vidaextra.com/cine/asombrosa-nia-dacosta-flipo-final-fantasy-vii-advent-children-que-le-inspiro-al-dirigir-the-marvels,2023-11-08T10:17:01Z,"Apenas un día nos separa del estreno de The Marvels, la nueva gran producción proveniente de una desgastada factoría del UCM. La cinta de Nia DaCosta ha compartido su último tráiler con referencias a… [+1628 chars]"
113,Just Jared,Just Jared,3 Other Actors Were Frontrunners to Play Peeta in 'Hunger Games' Before Liam Hemsworth was Cast (Including a Disney Channel Star!),"jennifer lawrence, liam hemsworth and josh hutcherson were so essential to the success of the hunger games, that they are still associated with the roles to this day. they simply are katniss everdeen, gale hawthorne and peeta mellark. however, that wasn’t a g…",https://www.justjared.com/2023/11/13/3-other-actors-were-frontrunners-to-play-peeta-in-hunger-games-before-liam-hemsworth-was-cast-including-a-disney-channel-star/,2023-11-13T21:51:10Z,"Jennifer Lawrence, Liam Hemsworth and Josh Hutcherson were so essential to the success of The Hunger Games, that they are still associated with the roles to this day. 
They simply are Katniss Everde… [+813 chars]"
114,/FILM,staff@slashfilm.com (Witney Seibold),Did Josephine Actually Love Napoleon? Ridley Scott Has Thoughts,were napoleon bonaparte (played by joaquin phoenix) and jos&eacute;phine de beauharnais (played by vanessa kirby) really in love? ridley scott has thoughts.,https://www.slashfilm.com/1447928/did-josephine-love-napoleon-ridley-scott-has-thoughts/,2023-11-22T21:00:00Z,"In Ridley Scott's new historical biopic ""Napoleon,"" the relationship between Napoleon Bonaparte (Joaquin Phoenix) and Joséphine de Beauharnais (Vanessa Kirby) is depicted as refreshingly direct and e… [+1454 chars]"
115,/FILM,staff@slashfilm.com (Rafael Motamayor),The Marvels Is At Its Best When It's A Sequel To Ms. Marvel,"the marvels gives us three main characters to follow, but it&amp;#39;s ms. marvel, aka kamala khan, and her whole family who shine the brightest in the sequel",https://www.slashfilm.com/1441600/the-marvels-best-when-sequel-to-ms-marvel/,2023-11-10T15:00:12Z,"Speaking to Variety, director Nia DaCosta described the film as ""really wacky and silly,"" and that is mostly thanks to the Khans and the ""Ms. Marvel"" connection. Captain Marvel is a rather somber cha… [+1976 chars]"
116,Tecmundo.com.br,Jean Carlos Foss,7 personagens do MCU que a Capitã Marvel derrotaria em uma luta,"nesta quinta-feira (9), chega aos cinemas do mundo todo um dos filmes mais aguardados de 2023. estamos falando de as marvels (the marvels, no original), novo longa-metragem do universo cinematográfico da marvel (mcu), dirigido por nia dacosta. sequência diret…",https://www.tecmundo.com.br/minha-serie/273620-7-personagens-mcu-capita-marvel-derrotaria-luta.htm,2023-11-09T13:15:00Z,"Nesta quinta-feira (9), chega aos cinemas do mundo todo um dos filmes mais aguardados de 2023. Estamos falando de As Marvels (The Marvels, no original), novo longa-metragem do Universo Cinematográfic… [+4787 chars]"
117,/FILM,staff@slashfilm.com (BJ Colangelo),The Marvels Credit Scene (And That Surprise Character Cameo) Explained,"stay in your seat when the credits start rolling on the marvels, because the post-credits scene teases a major shake-up for the mcu.",https://www.slashfilm.com/1442608/the-marvels-post-credits-scene-explained/,2023-11-09T23:00:00Z,"This article containsmajor spoilersfor ""The Marvels.""
Whether you loved it (like I did) or hated it, the latest addition to the Marvel Cinematic Universe, Nia DaCosta's ""The Marvels,"" is mandatory v… [+1519 chars]"
118,ComingSoon.net,Neil Bolt,Five Nights at Freddy’s Movie Digital Release Date Revealed for US and UK,"the five nights at freddy’s movie digital release date has been revealed, and uk fans frustrated by a lack of at-home viewing options will not have to wait too long. five nights at freddy’s movie digital release date prime video has the five nights at freddy’…",https://www.comingsoon.net/movies/news/1409746-five-nights-at-freddys-movie-digital-release-date,2023-11-21T13:35:59Z,"The Five Nights at Freddys movie digital release date has been revealed, and UK fans frustrated by a lack of at-home viewing options will not have to wait too long.
Prime Video has the Five Nights a… [+1663 chars]"
119,The Week Magazine,"theweekonlineeditors@futurenet.com (Brendan Morrow, The Week US)","The daily gossip: Anya Taylor-Joy leads epic 'Furiosa' trailer, Felicity Huffman felt she 'had to break the law' in college admissions scandal, and more",today's top entertainment and celebrity news,https://theweek.com/daily-gossip-furiosa-trailer-felicity-huffman,2023-12-01T21:25:42Z,"1. Anya Taylor-Joy leads epic 'Furiosa: A Mad Max Saga' trailer
What a lovely day! Warner Bros. has dropped the first trailer for ""Furiosa,"" the long-awaited ""Mad Max: Fury Road"" prequel starring An… [+5531 chars]"
120,/FILM,staff@slashfilm.com (Michael Boyle),The Ballad Of Songbirds And Snakes Director Will Make Another Hunger Games Under One Condition,"director francis lawrence is game to make another hunger games film after ballad of snakes and songbirds, but only if suzanne collins writes a new novel first.",https://www.slashfilm.com/1449952/the-ballad-of-songbirds-and-snakes-director-make-another-hunger-games-under-one-condition/,2023-11-19T17:00:46Z,"With the latest ""Hunger Games"" movie, ""The Ballad of Songbirds and Snakes,"" now out in theaters, viewers might be wondering: Is this the last one? There are still 73 in-universe Hunger Games we've ne… [+1510 chars]"
121,The A.V. Club,Emma Keates,"Instead of combining two movies, why not simply trim the material?","lots of ink has already been spilled over two simple truths in modern media. first is the fact that movies are really, really long nowadays. like, “so long we think they should have an obligatory intermission” long. second is the fact that studios can’t seem …",https://www.avclub.com/ballad-of-songbirds-and-snakes-edit-hunger-games-1850990471,2023-11-03T18:39:29Z,"Lots of ink has already been spilled over two simple truths in modern media. First is the fact that movies are really, really long nowadays. Like, so long we think they should have an obligatory inte… [+2172 chars]"
122,ComingSoon.net,Disheeta Maheshwari,The Hunger Games: Catching Fire Streaming: Watch & Stream Online via Peacock,"the hunger games: catching fire is the second installment in the hunger games film series based on suzanne collins’ second hunger games novel. this movie follows katniss everdeen and peeta mellark after their joint victory in the 74th hunger games. however, k…",https://www.comingsoon.net/guides/news/1395664-the-hunger-games-catching-fire-streaming-watch-stream-online-via-peacock,2023-11-09T09:47:15Z,The Hunger Games: Catching Fire is the second installment in The Hunger Games film series based on Suzanne Collins second Hunger Games novel. This movie follows Katniss Everdeen and Peeta Mellark aft… [+3071 chars]
123,Die Zeit,ZEIT ONLINE: Film - Thomas Assheuer,"""Napoleon"": Die Schwäche des Monsters","in ""napoleon"" erzählt ridley scott die weltgeschichte als tragisches liebesopfer. der film ist eine schmonzette mit schlichter und naiver botschaft.",https://www.zeit.de/2023/49/napoleon-ridley-scott-film-joaquin-phoenix,2023-11-23T12:48:30Z,"Warum ist das Genie Napoleon Bonaparte gescheitert? Warum endete der ""korsische Komet"", der Europas Erbmonarchien erzittern ließ, auf einer Insel am Ende der Welt? Für seinen Bewunderer Goethe war di… [+555 chars]"
124,Begeek.fr,Morgan Fromentin,Blanche-Neige en live-action : L’actrice principale laisse entrevoir une évolution clé de ce personnage culte de Disney,"rachel zegler, qui incarne le personnage principal dans le prochain remake en direct de blanche-neige, décrit comment le personnage s'affirmera en tant que leader. curieux de savoir comment cela se traduira à l'écran ?",https://www.begeek.fr/blanche-neige-en-live-action-lactrice-principale-laisse-entrevoir-une-evolution-cle-de-ce-personnage-culte-de-disney-389153,2023-11-19T16:00:30Z,"Rachel Zegler, qui incarne le personnage principal dans le prochain remake en direct de Blanche-Neige, décrit comment le personnage s'affirmera en tant que leader. Curieux de savoir comment cela se t… [+3311 chars]"
125,Kino.de,Eileen Melzer,Diese 6 Easter Eggs aus „Die Tribute von Panem 5“ verbinden das Prequel mit der Originalreihe,„die tribute von panem – the ballad of songbirds & snakes“ läuft endlich im kino. sperrt bei eurem kinobesuch eure augen und ohren auf: es gibt allerlei easter eggs zur originalreihe.,https://www.kino.de/film/die-tribute-von-panem-the-ballad-of-songbirds-snakes-2023/news/diese-6-easter-eggs-aus-die-tribute-von-panem-5-verbinden-das-prequel-mit-der-originalreihe/,2023-11-16T16:04:04Z,"„Die Tribute von Panem – The Ballad of Songbirds &amp; Snakes“ läuft endlich im Kino. Sperrt bei eurem Kinobesuch eure Augen und Ohren auf: Es gibt allerlei Easter Eggs zur Originalreihe.
Fans des „… [+6145 chars]"
126,The A.V. Club,The A.V. Club Bot,"The week in film: Ridley Scott's movies ranked, Best Actress contenders revealed","it’s been nearly five decades since ridley scott’s first feature film, the duellists, hit theaters, and now, even well into his 80s, the legendary filmmaker shows no signs of slowing. napoleon, his latest feature, is as grand and intense as anything else in h…",https://www.avclub.com/the-week-in-film-ridley-scotts-movies-ranked-best-act-1851046379,2023-11-26T16:40:00Z,"Its been nearly five decades since Ridley Scotts first feature film, The Duellists, hit theaters, and now, even well into his 80s, the legendary filmmaker shows no signs of slowing. Napoleon, his lat… [+5764 chars]"
127,Zacjohnson.com,Zac Johnson,Cameron Herrin Net Worth – How Much is Herrin Worth?,"cameron herrin, a tiktok celebrity and social media influencer, has amassed a net worth of $1 million as of 2023. his wealth primarily comes from his social media presence and involvement in drag racing. despite his financial success, it is important to ackno…",https://zacjohnson.com/cameron-herrin-net-worth/,2023-12-03T08:16:14Z,"Cameron Herrin, a TikTok celebrity and social media influencer, has amassed a net worth of $1 million as of 2023. His wealth primarily comes from his social media presence and involvement in drag rac… [+22995 chars]"
128,Screen Rant,Hannah Gearan,“It Was Easy For Her”: Jennifer Lawrence’s Talent Bothered Some Hunger Games Co-Stars,"the hunger games franchise director breaks down the brilliant central performance from jennifer lawrence, and how it irked some of her co-stars.",https://screenrant.com/hunger-games-jennifer-lawrence-talent-co-stars-reaction/,2023-11-13T15:44:10Z,"Summary
<ul><li> Jennifer Lawrence's ability to switch between lightheartedness and intense character moments in The Hunger Games amazed her director and frustrated some co-stars. </li><li> Lawrence… [+3962 chars]"
129,Internazionale.it,Internazionale,"I film della settimana, scelti da Internazionale",da the old oak di ken loach a hunger games. la ballata dell’usignolo e del serpente di francis lawrence. le recensioni della stampa straniera. leggi,https://www.internazionale.it/magazine/cultura/2023/11/16/recensioni-schermi-film-del-numero-1538-17-11-2023,2023-11-16T15:21:29Z,"The old oak è un tipico film di Ken Loach: schietto, arrabbiato, ideologico, magari non raffinato ma emotivamente travolgente. Siamo nel 2016, anno zero della Brexit, in una cittadina del nordest del… [+722 chars]"
130,Journal du geek,Julie Hay,"Monarch : Legacy of Monsters, premières critiques pour la série Apple TV+","quelques jours avant sa sortie, la nouvelle série apple tv+ s'offre de premières critiques. un nouveau phénomène pour la plateforme ? 
monarch : legacy of monsters, premières critiques pour la série apple tv+",https://www.journaldugeek.com/2023/11/10/monarch-legacy-of-monsters-premieres-critiques-pour-la-serie-apple-tv/,2023-11-10T15:09:11Z,"Ce sera sans doute un jour à marquer d’une pierre blanche pour Apple TV+. Depuis son lancement en novembre 2019, le service de streaming s’était tenu écarté des grandes licences, préférant explorer d… [+3297 chars]"
131,Deadline,anthonypauldalessandro,‘Songbirds & Snakes’ Director Francis Lawrence On Finding Tom Blyth; Lead Star Chats Coriolanus Snow’s Next Steps & Lucy Gray Baird’s Whereabouts – Crew Call Podcast,"warning: this podcast contains spoilers about the ending of lionsgate’s the hunger games: the ballad of songbirds & snakes “in 2015, we thought she was done.” that’s what filmmaker francis lawrence thought about the finale of the $3 billion-plus grossing the …",https://deadline.com/2023/11/hunger-games-songbirds-and-snakes-tom-blyth-francis-lawrence-interview-1235629994/,2023-11-20T19:54:17Z,"Warning: This podcast contains spoilers about the ending of Lionsgate’s The Hunger Games: The Ballad of Songbirds &amp; Snakes
“In 2015, we thought she was done.” 
That’s what filmmaker Francis Law… [+3046 chars]"
132,IGN,Estrella Gomez,La directora de la película Five Nights at Freddy's asegura que los animatrónicos llegaron a moverse solos,"¿cosa de brujería?
emma tammi ha revelado que en la producción de five nights at freddy's pasó algo extraño: los animatrónicos hicieron ciertos movimientos solos.",https://es.ign.com/five-nights-at-freddys/195713/news/la-directora-de-la-pelicula-five-nights-at-freddys-asegura-que-los-animatronicos-llegaron-a-moverse,2023-11-04T11:00:30Z,"La esperadísima adaptación de Five Nights at Freddy's por fin ha hecho su debut en los cines. La película llegó a las distintas salas acompañada de críticas mixtas, y mientras las reseñas siguen aume… [+1979 chars]"
133,IGN,Adam Bankhurst,The Hunger Games: The Ballad of Songbirds and Snakes Debuts Atop the Domestic Weekend Box Office,the hunger games: the ballad of songbirds and snakes has won the domestic weekend box office by holding off both trolls band together and the marvels by earning $44.0 million in tickets sales.,https://www.ign.com/articles/the-hunger-games-the-ballad-of-songbirds-and-snakes-debuts-atop-the-domestic-weekend-box-office,2023-11-20T04:22:37Z,"The Hunger Games: The Ballad of Songbirds and Snakes has won the domestic weekend box office by holding off both Trolls Band Together and The Marvels by earning $44.0 million in tickets sales.
As re… [+2348 chars]"
134,Kino.de,Teresa Fongern,Zum heutigen Thanksgiving: Horror-Fans sollten sich diesen Slasher nicht im Kino entgehen lassen,"16 jahre liegen zwischen dem ersten ""fake""-trailer und dem fertigen slasher-film „thanksgiving“ von eli roth...",https://www.kino.de/film/thanksgiving-2023/news/zum-heutigen-thanksgiving-horror-fans-sollten-sich-diesen-slasher-nicht-im-kino-entgehen-lassen/,2023-11-23T08:21:24Z,"16 Jahre liegen zwischen dem ersten „Fake“-Trailer und dem fertigen Slasher-Film „Thanksgiving“ von Eli Roth.
Vor 16 Jahren erschien der erste Trailer zu „Thanksgiving“, damals jedoch nur als nettes… [+5513 chars]"
135,Espinof.com,Pedro Gallego,Más sicarios existenciales que ver si te gusta 'El asesino'. 3 increíbles thrillers disponibles en streaming para hacer doble sesión con la película de David Fincher,"que david fincher estrene película siempre es una gran noticia que celebrar. si su regreso supone también su vuelta al mundo del thriller pulp y oscuro como hace 'el asesino', entonces cualquier celebración es poca. pocos directores tienen tanta habilidad y c…",https://www.espinof.com/listas/sicarios-existenciales-que-ver-te-gusta-asesino-3-increibles-thrillers-disponibles-streaming-para-hacer-doble-sesion-pelicula-david-fincher,2023-11-15T14:31:00Z,"Que David Fincher estrene película siempre es una gran noticia que celebrar. Si su regreso supone también su vuelta al mundo del thriller pulp y oscuro como hace 'El asesino', entonces cualquier cele… [+3772 chars]"
136,Queerty.com,Carson Mlnarik,This horny Josh Hutcherson fan video is now an unhinged meme,this horny josh hutcherson fan video is now an unhinged meme,https://www.queerty.com/this-horny-josh-hutcherson-fan-video-is-now-an-unhinged-meme-20231204,2023-12-04T19:00:00Z,"Josh Hutcherson is many things talented actor, bilingual stud, short king, LGBTQ+ ally. 
And now, a meme.
This is going to take some explaining, so bear with us. But don’t worry, there’s plenty of … [+4007 chars]"
137,Vulture,Kate Lindsay,It’s Giving Thanks: How Online Were You in November?,take a break from guarding your boyfriend’s hoodie to see how online you were in november. there’s josh hutcherson tiktoks in here.,http://www.vulture.com/2023/12/best-internet-drama-memes-november.html,2023-12-01T20:26:00Z,"Im giving up smoke. pic.twitter.com/DDVl9Syixw
— Snoop Dogg (@SnoopDogg) November 16, 2023
When renowned marijuana enthusiast Snoop Dogg posted on Instagram and Twitter that he was giving up smoke … [+3230 chars]"
138,20minutos.es,Miguel Ángel Romero,Arturo Pérez-Reverte carga contra 'Napoleón': “Un disparate indigno”,el periodista y escritor español se suma a la oleada de voces críticas contra el nuevo filme dirigido por ridley scott y protagonizado por joaquin phoenix.,https://www.20minutos.es/cinemania/noticias/arturo-perez-reverte-carga-contra-napoleon-un-disparate-indigno-5194232/,2023-11-28T12:02:18Z,"Napoleón, de Ridley Scott, está levantando una verdadera polvareda entre los historiadores y los autores especializados que claman contra la falta de rigor de la película e incluso lamentan que esta … [+2217 chars]"
139,Espinof.com,Pedro Gallego,Hoy en TV: la mejor película de 'Los juegos del hambre' antes del estreno en cines de su esperada precuela,"el triunfo de una saga tan descomunalmente disfuncional como 'los juegos del hambre' resulta chocante, y fácilmente atribuible al fenómeno young adult de las novelas originales. aunque hay momentos donde dan ganas de romper una lanza a favor de su manera de a…",https://www.espinof.com/otras-cadenas/hoy-tv-mejor-pelicula-juegos-hambre-antes-estreno-cines-su-esperada-precuela,2023-11-11T11:01:57Z,"El triunfo de una saga tan descomunalmente disfuncional como 'Los juegos del hambre' resulta chocante, y fácilmente atribuible al fenómeno young adult de las novelas originales. Aunque hay momentos d… [+2459 chars]"
140,Rolling Stone,David Fear,‘Napoleon’: Ridley Scott’s Portrait of an Emperor as a Total Douchebag,"‘gladiator’ director and joaquin phoenix turn napoleon’s story into an epic saga, a cracked love story, and a difficult-man drama. it almost works.",https://www.rollingstone.com/tv-movies/tv-movie-reviews/napoleon-review-ridley-scott-joaquin-phoenix-vanessa-kirby-1234885783/,2023-11-21T15:00:00Z,"“All art is autobiographical,” Federico Fellini once said. “The pearl is the oyster’s autobiography.” No one would accuse Napoleon,Ridley Scott’s two-and-a-half-hour epic (that’s the theatrical cut’s… [+8429 chars]"
141,tomandlorenzo.com,Lorenzo Marquez,Academy Museum Gala 2023: THE HUNGER GAMES: THE BALLAD OF SONGBIRDS AND SNAKES Star Rachel Zegler in Vivienne Westwood,"one more spotlight post before we start gathering up the attendees of the academy museum gala and throwing them in rundown posts. ultimately, we decided to give the hunger games: the ballad of songbirds and snakes star rachel zegler a solo post because we kep…",https://tomandlorenzo.com/2023/12/academy-museum-gala-2023-the-hunger-games-star-rachel-zegler-in-vivienne-westwood-red-carpet-style-fashion/,2023-12-05T17:50:48Z,"Archives: 
Select
 December 2023 
 November 2023 
 October 2023 
 September 2023 
 August 2023 
 July 2023 
 June 2023 
 May 2023 
 April 2023 
 March 2023 
 February 2023 
 January 2023… [+3052 chars]"
142,Screen Rant,Brennan Klein,"Live-Action Snow White Star Teases Key Change For Iconic Disney Character: ""Leader Within Her""","rachel zegler, who plays the title character in the upcoming live-action remake snow white, explains how the character will embrace a leader role.",https://screenrant.com/snow-white-live-action-character-change-rachel-zegler-comments/,2023-11-18T23:02:46Z,"Summary
<ul><li> Snow White star Rachel Zegler explains how her character will be a leader in the new live-action movie, harnessing her inner strength throughout the film. </li><li> Zegler and direc… [+3658 chars]"
143,Espinof.com,Randy Meeks,"Ridley Scott afirma que no leyó nada para preparar 'Napoleón' y le dejó la tarea ""al pobre desgraciado que ha tenido que escribir el guion""","stanley kubrick nunca pudo hacer su película sobre napoleón. pero en su afán perfeccionista llegó a tener un fichero donde dejaba por escrito qué había hecho prácticamente cada día de su vida, para, a la hora de rodar su megalómana película, no dejarse nada e…",https://www.espinof.com/directores-y-guionistas/ridley-scott-afirma-que-no-leyo-nada-para-preparar-napoleon-le-dejo-tarea-al-pobre-desgraciado-que-ha-tenido-que-escribir-guion,2023-11-24T10:32:00Z,"Stanley Kubrick nunca pudo hacer su película sobre Napoleón. Pero en su afán perfeccionista llegó a tener un fichero donde dejaba por escrito qué había hecho prácticamente cada día de su vida, para, … [+1803 chars]"
144,Espinof.com,Randy Meeks,"Ridley Scott busca bronca con Martin Scorsese y le echa en cara que ""desde que empezó 'Los asesinos de la luna' yo he hecho cuatro películas""","ridley scott está de vuelta de todo. en su tour de entervistas publicitando 'napoleón' ha aprovechado para vacilar a los periodistas, afirmar que no necesita a los historiadores, decir que los españoles hicimos muy bien en echar en los franceses y calificar a…",https://www.espinof.com/directores-y-guionistas/ridley-scott-busca-bronca-martin-scorsese-le-echa-cara-que-que-empezo-asesinos-luna-yo-he-hecho-cuatro-peliculas,2023-11-21T15:31:39Z,"Ridley Scott está de vuelta de todo. En su tour de entervistas publicitando 'Napoleón' ha aprovechado para vacilar a los periodistas, afirmar que no necesita a los historiadores, decir que los españo… [+1184 chars]"
145,Daily Beast,William Vaillancourt,Fox Contributor Aghast at Holiday Slasher Flicks: ‘Cultural Decay!’,"fox news
oh, the horror!a pair of slasher films with end-of-year holiday settings are just too much for fox news contributor raymond arroyo, who dismissed them as signs of “cultural decay” monday on the ingraham angle.in the eli roth-directed thanksgiving, a…",https://www.thedailybeast.com/fox-contributor-raymond-arroyo-aghast-at-holiday-themed-slasher-movies,2023-11-28T03:10:55Z,"Oh, the horror!
A pair of slasher films with end-of-year holiday settings are just too much for Fox News contributor Raymond Arroyo, who dismissed them as signs of cultural decay Monday on The Ingra… [+1670 chars]"
146,ComingSoon.net,Neil Bolt,Five Nights at Freddy’s Becomes Blumhouse’s Biggest Movie Ever,"as its theatrical run begins to wind down, the five nights at freddy’s movie has gone and set another record by becoming blumhouse’s biggest performer of all time at the box office. five nights at freddy’s has another celebratory pizza party the video game ad…",https://www.comingsoon.net/movies/news/1415878-fnaf-blumhouse-big-money,2023-11-27T17:22:51Z,"As its theatrical run begins to wind down, the Five Nights at Freddys movie has gone and set another record by becoming Blumhouses biggest performer of all time at the box office.
The video game ada… [+1338 chars]"
147,Die Zeit,ZEIT ONLINE: News -,Prequel: «Tribute von Panem» zurück auf der Kinoleinwand,"hier finden sie informationen zu dem thema „prequel“. lesen sie jetzt „""tribute von panem"" zurück auf der kinoleinwand“.",https://www.zeit.de/news/2023-11/15/tribute-von-panem-zurueck-auf-der-kinoleinwand,2023-11-15T13:19:31Z,Acht Jahre nach Veröffentlichung des letzten Films meldet sich die «Tribute von Panem»-Reihe mit einem neuen Prequel zurück. Im Mittelpunkt der Geschichte von «Die Tribute von Panem - The Ballad of S… [+4844 chars]
148,Les Numériques,Thibaud Gomès-Léal,"Critique The Marvels : un ratage en tout point, embourbé dans le MCU","le mcu (pour marvel comics universe, univers cinématographique marvel dans la langue de jean reno) ajoute une nouvelle page spatiale et féminine à son macrocosme avec the marvels. voici notre critique du film, garantie sans spoilers.",https://www.lesnumeriques.com/film/the-marvels-p74202/test.html,2023-11-08T08:30:00Z,"Six mois après Les Gardiens de la galaxie 3, et après avoir manqué la populaire fenêtre estivale, l'Univers cinématographique Marvel (le fameux MCU) revient au cinéma avec un 33e opus : The Marvels.… [+2940 chars]"
149,Time,Olivia B. Waxman,How Ridley Scott’s Napoleon Stacks Up Against the French Emperor’s Real Story,"a napoleon scholar breaks down where ridley scott's new movie, starring joaquin phoenix, hews close to history, and where it takes creative license.",https://time.com/6338563/napoleon-movie-true-story/,2023-11-22T14:15:00Z,"Ridley Scotts biopic Napoleon, in which Joaquin Phoenix plays the French emperor, hits theaters on Nov. 22. The film tracks Napoleons rise to fame during the French Revolution, delves deep into his l… [+10638 chars]"
150,Hipertextual,Aglaia Berlutti,Cinco dramas históricos para ver si te gustó ‘Napoleón’,"en napoleón de ridley scott, el personaje titular (interpretado por joaquín phoenix), es mucho más un símbolo que un hombre. en medio de una francia dividida por tensiones políticas y de poder de todo tipo, el comandante militar trata de comprender su propósi…",http://hipertextual.com/2023/11/cinco-dramas-historicos-para-ver-si-te-gusto-napoleon,2023-11-25T12:36:19Z,"En Napoleón de Ridley Scott, el personaje titular (interpretado por Joaquín Phoenix), es mucho más un símbolo que un hombre. En medio de una Francia dividida por tensiones políticas y de poder de tod… [+7488 chars]"
151,Forbes,"Simon Thompson, Contributor, 
 Simon Thompson, Contributor
 https://www.forbes.com/sites/simonthompson/",Eli Roth’s ‘Thanksgiving’ Give Us A Horror Icon With All The Trimmings,the film's director and co-writer breaks down how he assembled a feast for horror fans with his new holiday classic.,https://www.forbes.com/sites/simonthompson/2023/11/18/eli-roths-thanksgiving-give-us-a-horror-icon-with-all-the-trimmings/,2023-11-18T17:07:45Z,"Director Eli Roth in front of the Thanksgiving 3D Billboard on Sunset Blvd in Los Angeles, ... [+] California.
Getty Images for Sony Pictures
""The highest compliment you can get is when someone say… [+8891 chars]"
152,Biztoc.com,looper.com,The Hunger Games: Why Was Haymitch's Family Killed?,"when haymitch first encounters katniss and peeta (josh hutcherson), his instinct is to keep them at arm's length. every year, he has to mentor children who will inevitably die in the arena, and getting emotionally attached to anyone is unrealistic. but in kat…",https://biztoc.com/x/065e45828cea6bca,2023-11-22T21:42:31Z,"When Haymitch first encounters Katniss and Peeta (Josh Hutcherson), his instinct is to keep them at arm's length. Every year, he has to mentor children who will inevitably die in the arena, and getti… [+263 chars]"
