,Source Name,Author,Title,Description,URL,Published At,Content
235,Screen Rant,Alix Blackburn,Five Nights at Freddy's Got The Same Divisive Response As Another 17-Year-Old Game Adaptation,"five nights at freddy's has received mixed reviews, and this response is similar to what another 17-year-old horror video game adaptation faced.",https://screenrant.com/five-nights-freddys-divisive-response-silent-hill/,2023-11-13T18:50:13Z,"Summary
<ul><li>Five Nights at Freddy's has received mixed reviews from audiences and critics, similar to another video game adaptation from 2006. </li><li> The film appeals to passionate fans of th… [+5309 chars]"
236,The A.V. Club,Peter Scobel,Eli Roth draws the line at animal cruelty,even eli roth has his limits when it comes to violence in films,https://www.avclub.com/eli-roth-draws-the-line-at-animal-cruelty-1851037100,2023-11-20T22:34:00Z,"Even Eli Roth has his limits when it comes to violence in films
We may earn a commission from links on this page."
238,IndieWire,Alison Foreman,"‘Thanksgiving’ Review: Eli Roth’s Extra Crispy, Anti-Capitalist Slasher Is So Good You’ll Want Seconds","nell verlaque, patrick dempsey, rick hoffman, and more star in ""the hostel"" and ""cabin fever"" director's triumphant genre return: an instant holiday classic with all the fixings adapted from a one-off trailer that first appeared in 2007's ""grindhouse.""",https://www.indiewire.com/criticism/movies/thanksgiving-review-eli-roth-1234926742/,2023-11-16T14:30:00Z,"Eli Roth is home for the holidays with enough fiendish fun and ripped flesh to send horror fans to theaters multiple times between now and Thanksgiving.
The “Hostel” director hasn’t touched his sign… [+7566 chars]"
239,IndieWire,Christian Zilko,Ridley Scott Isn’t Worried About ‘Napoleon’ Critics Because ‘the French Don’t Even Like Themselves’,"the ""gladiator"" director continues to take every opportunity to remind the world that he doesn't care what it thinks of his latest epic.",https://www.indiewire.com/news/general-news/ridley-scott-napoleon-critics-the-french-dont-like-themselves-1234927923/,2023-11-19T20:03:50Z,Ridley Scott is not a man who minces words. His press tour for his $200 million Apple epic “Napoleon” has already seen the 85-year-old filmmaker proclaiming that it’s “about feckin’ time” he won an O… [+1917 chars]
240,/FILM,staff@slashfilm.com (Sandy Schaefer),The Marvels Director Admits That MCU Continuity Is Getting Hard To Manage,"at a certain point, even the marvels director nia dacosta realized she had to give up trying to make the mcu film work as a standalone story.",https://www.slashfilm.com/1439295/the-marvels-director-admits-mcu-continuity-getting-hard-manage/,2023-11-06T18:00:11Z,"Viewers got their first taste of the hijinks to come in ""The Marvels"" with ""Ms. Marvel,"" which ended with Kamala inexplicably changing places with Carol and the latter looking completely perplexed to… [+1462 chars]"
241,Elseptimoarte.net,wanchope,Francis Lawrence dirigirá la adaptación de 'La larga marcha' de Stephen King,"francis lawrence ha sumado un nuevo proyecto a su agenda: la adaptación cinematográfica de 'la larga marcha', una de las pocas obras de stephen king que nunca han sido adaptadas ni a la gran ni a la pequeña pantalla, aunque no por falta de ganas.

publicada e…",https://www.elseptimoarte.net/noticias/actualidad/francis-lawrence-dirigira-la-adaptacion-de-la-larga-marcha-de-stephen-king-46661.html,2023-11-29T20:30:00Z,"Francis Lawrence ha sumado un nuevo proyecto a su agenda: La adaptación cinematográfica de 'La larga marcha', una de las pocas obras de Stephen King que nunca han sido adaptadas ni a la gran ni a la … [+1751 chars]"
242,Just Jared,Just Jared,Eli Roth Announces 'Thanksgiving' Sequel Following Box Office Success,"filmmaker eli roth made a big announcement on instagram on thursday (november 30)! the thanksgiving director and producer’s latest horror film is getting a sequel after it was well received by critics and audiences alike, and has even picked up over $30 milli…",https://www.justjared.com/2023/11/30/eli-roth-announces-thanksgiving-sequel-following-box-office-success/,2023-12-01T01:00:55Z,"Filmmaker Eli Roth made a big announcement on Instagram on Thursday (November 30)!
The Thanksgiving director and producer’s latest horror film is getting a sequel after it was well received by criti… [+970 chars]"
243,GameSpot,Lan Pitts,The Marvels Director Nia DaCosta Explains Finishing The Movie Remotely,"last week variety published a report about how some tastemakers and higher-ups at disney were unhappy and uncertain about the mcu's future. some concerns were about either having to bring back avengers alum scarlet johannsen and robert downey, jr., as well as…",https://www.gamespot.com/articles/the-marvels-director-nia-dacosta-explains-finishing-the-movie-remotely/1100-6518972/,2023-11-07T18:03:00Z,Last week Variety published a report about how some tastemakers and higher-ups at Disney were unhappy and uncertain about the MCU's future. Some concerns were about either having to bring back Avenge… [+2028 chars]
244,Screen Rant,Ryan Northrup,"BioShock Movie's Faithfulness To The Game Addressed By Director: ""We're Not Breaking Canon""",director francis lawrence addresses just how faithful his upcoming bioshock netflix movie will be to the beloved video game source material.,https://screenrant.com/bioshock-movie-game-accuracy-canon-director-response/,2023-11-13T19:11:43Z,"Summary
<ul><li>BioShock director Francis Lawrence reveals that his film will stay true to the video game in many ways and that the script is in great shape. </li><li> While the movie will be very f… [+2768 chars]"
245,Teen Vogue,Donya Momenian,"Addison Rae, Dua Lipa and More Stunned at the Academy Museum Gala Red Carpet — See Photos","on december 3, addison rae, dua lipa and other celebs walked the red carpet for the academy museum gala.",https://www.teenvogue.com/gallery/addison-rae-dua-lipa-and-more-stunned-at-the-academy-museum-gala-red-carpet-see-photos,2023-12-04T16:22:15Z,"On December 3, celebs like Addison Rae, Dua Lipa, Keke Palmer, Billie Eilish, Rachel Zegler and more gathered in Los Angeles, California for the 3rd Annual Academy Museum Gala. The fundraiser was hos… [+704 chars]"
246,ComingSoon.net,Ayeshaasif,Journey 2: The Mysterious Island Streaming: Watch & Stream Online via HBO Max,"wondering where to watch journey 2: the mysterious island? you’ve come to the right place, as we have all the streaming details for you. journey 2: the mysterious island is a sequel to the series and follows the story of sean anderson as he receives a note fo…",https://www.comingsoon.net/guides/news/1396833-journey-2-the-mysterious-island-streaming-watch-stream-online-via-hbo-max,2023-11-10T03:02:18Z,"Wondering where to watch Journey 2: The Mysterious Island? Youve come to the right place, as we have all the streaming details for you. Journey 2: The Mysterious Island is a sequel to the series and … [+3515 chars]"
247,HuffPost,BuzzFeed,Here’s Why People Are Calling Out The Double Standards Between Jacob Elordi And Rachel Zegler’s Treatment,"“he’s quite literally saying exactly the same things rachel zegler has been getting crucified for,” one person wrote on x.",https://www.huffpost.com/entry/double-standards-jacob-elordi-rachel-zegler_n_655d15dce4b0c0333bedee94,2023-11-25T14:34:03Z,"At HuffPost, we believe that everyone needs high-quality journalism, but we understand that not everyone can afford to pay for expensive news subscriptions. That is why we are committed to providing … [+1965 chars]"
248,The A.V. Club,Ian Spelling,The 20 best on-screen Napoleons,"napoleon bonaparte died on may 21, 1821, but the iconic french emperor has lived on (and on and on) in numerous movies and television shows. esteemed director ridley scott, who dipped his l’orteils in the water with 1977’s napoleonic war drama the duellists, …",https://www.avclub.com/best-napoleon-actors-film-tv-1851042411,2023-11-24T13:00:00Z,"Who played Napoleon: Pierre Mondy
So big, so sprawling, so long and so expensive was Abel Gances 1927 Napoleon that heat the timedid not achieve his dream of telling the emperors entire story. Decad… [+535 chars]"
249,/FILM,staff@slashfilm.com (Ryan Scott),Why Director Ridley Scott Didn't Rely On Books To Research Napoleon's Story,"ridley scott&amp;#39;s research for his latest movie, napoleon, didn&amp;#39;t have him turning many pages.",https://www.slashfilm.com/1451846/ridley-scott-no-books-napoleon/,2023-11-23T04:45:00Z,"David Scarpa (""All the Money in the World"") penned the screenplay for the film, and it isn't based on any particular book that has been written about Napoleon over the years, which is often the jumpi… [+1477 chars]"
250,GamesRadar+,Fay Watson,The Five Nights At Freddy’s game creator had the most wholesome response to the film’s success,scott cawthon addressed the box office success,https://www.gamesradar.com/five-nights-at-freddys-scott-cawthon-wholesome-response-reddit/,2023-11-02T12:32:53Z,"Five Nights at Freddy’s has been a huge success at the box office, breaking Halloween records. Now the game creator – and the movie’s producer – Scott Cawthon has shared an incredibly wholesome respo… [+1864 chars]"
251,Espinof.com,Víctor López G.,"Kelsey Grammer está seguro de que volveremos a ver a su personaje de X-Men de nuevo tras su debut en el MCU. ""Siempre he querido interpretarlo de nuevo""","puede que 'the marvels' sea, probablemente, el mayor batacazo de marvel studios —al menos en términos de taquilla— desde que el mcu se puso en marcha con la 'iron man' de jon favreau en un ya lejano 2008. su descenso durante su segundo fin de semana en cines …",https://www.espinof.com/actores-y-actrices/kelsey-grammer-esta-seguro-que-volveremos-a-ver-a-su-personaje-x-men-nuevo-su-debut-mcu-siempre-he-querido-interpretarlo-nuevo,2023-11-23T17:31:58Z,"Puede que 'The Marvels' sea, probablemente, el mayor batacazo de Marvel Studios al menos en términos de taquilla desde que el MCU se puso en marcha con la 'Iron Man' de Jon Favreau en un ya lejano 20… [+1902 chars]"
252,Elseptimoarte.net,clay,Estrenos España (17/11/2023) - Viernes negro en Panem,"repaso de los estrenos que llegan a las salas de cine 
hoy, viernes 17 de noviembre.
  

como título más destacado tenemos 'los juegos del hambre: balada de pájaros cantores y serpientes' (vértice cine), la esperada precuela de 'los juegos del hambre' ambient…",https://www.elseptimoarte.net/noticias/estrenos/estrenos-espana-17112023-viernes-negro-en-panem-46565.html,2023-11-17T06:11:09Z,"Repaso de los estrenos que llegan a las salas de cinehoy, viernes 17 de noviembre.
Como título más destacado tenemos 'Los juegos del hambre: Balada de pájaros cantores y serpientes' (Vértice Cine), … [+11350 chars]"
254,[Removed],,[Removed],[removed],https://removed.com,1970-01-01T00:00:00Z,[Removed]
255,ComingSoon.net,Spencer Legacy,Robert Downey Jr. & Scarlett Johansson MCU Rumors Addressed by Kevin Feige,"marvel studios president kevin feige has addressed a recent rumor about robert downey jr. and scarlett johansson making their marvel cinematic universe return. at the premiere of the marvels, feige did a short interview with entertainment tonight. during this…",https://www.comingsoon.net/movies/news/1395352-robert-downey-jr-scarlett-johansson-mcu-return-rumors-addressed-by-kevin-feige,2023-11-09T16:49:53Z,"Marvel Studios President Kevin Feige has addressed a recent rumor about Robert Downey Jr. and Scarlett Johansson making their Marvel Cinematic Universe return.
At the premiere of The Marvels, Feige … [+1261 chars]"
256,ComingSoon.net,Neil Bolt,Quentin Tarantino’s Vista Theatre Reopens With True Romance and Thanksgiving Screenings,los angeles’ legendary vista theatre is reopening this month with a special screening of true romance before fully launching with eli roth’s seasonal slasher thanksgiving. view romance quentin tarantino bought the 100-year-old picture house in 2021 and refurb…,https://www.comingsoon.net/movies/news/1392819-tarantino-vista-theatre-thanksgiving-true-romance,2023-11-07T13:50:19Z,"Los Angeles legendary Vista Theatre is reopening this month with a special screening of True Romance before fully launching with Eli Roths seasonal slasher Thanksgiving. 
Quentin Tarantino bought th… [+2358 chars]"
257,Screen Rant,Aryanna Alvarado,11 Surprising Movies That Were Massive Successes At The Box Office,"sometimes unexpected films will succeed at the box office. the films are often widely celebrated today, but their success wasn't easily predicted.",https://screenrant.com/movies-surprise-massive-box-office-success/,2023-11-19T00:20:14Z,"Summary
<ul><li> Despite not fitting the traditional criteria for box office success, smaller budget underdog films can still surprise with their performance, thanks to social media buzz, clever mar… [+9406 chars]"
258,Olhardigital.com.br,Renata Mendes Gonçalves,Qual é a ordem correta para assistir Jogos Vorazes?,"para você não se perder na cronologia da franquia de jogos vorazes, saiba qual a ordem correta para assistir todos os filmes
o post qual é a ordem correta para assistir jogos vorazes? apareceu primeiro em olhar digital.",https://olhardigital.com.br/2023/11/29/cinema-e-streaming/qual-e-a-ordem-correta-para-assistir-jogos-vorazes/,2023-11-29T07:20:00Z,"No dia 15 de novembro, estreou nos cinemas o mais novo filme da franquia Jogos Vorazes, Jogos Vorazes: A Cantiga dos PÃ¡ssaros e das Serpentes. Como toda sequÃªncia de sucesso, empolgou os fÃ£s e, co… [+6997 chars]"
260,ComingSoon.net,Anubhav Chaudhry,The Haunted Museum Season 1 Streaming: Watch & Stream Online via HBO Max,"the haunted museum season 1 is a supernatural horror anthology series hosted and executive produced by zak bagans, exploring eerie artifacts and chilling paranormal stories in his las vegas museum. here’s how you can watch and stream the haunted museum season…",https://www.comingsoon.net/guides/news/1402428-the-haunted-museum-season-1-streaming-watch-stream-online-via-hbo-max,2023-11-15T00:35:24Z,"The Haunted Museum Season 1 is a supernatural horror anthology series hosted and executive produced by Zak Bagans, exploring eerie artifacts and chilling paranormal stories in his Las Vegas museum. 
… [+2892 chars]"
261,Just Jared,Just Jared,Rachel Zegler Recalls Having Food Poisoning & a 'Mental Breakdown' at Taylor Swift's 'Eras Tour',"rachel zegler is opening up about her love for taylor swift and her emotional night at the eras tour show in new jersey. on thursday (november 16), the hunger games star appeared on the tonight show and revealed that she had food poisoning at taylor‘s first e…",https://www.justjared.com/2023/11/18/rachel-zegler-recalls-having-food-poisoning-a-mental-breakdown-at-taylor-swifts-eras-tour/,2023-11-18T18:50:08Z,"Rachel Zegler is opening up about her love for Taylor Swift and her emotional night at the Eras Tour show in New Jersey. 
On Thursday (November 16), the Hunger Games star appeared on The Tonight Sho… [+1531 chars]"
262,/FILM,staff@slashfilm.com (Jeremy Smith),Thanksgiving Director Eli Roth Took Inspiration From This 1995 Horror Film [Exclusive],"eli roth is nothing if not a master of horror, and when he drew inspiration for thanksgiving, he pulled from a little-seen masterpiece.",https://www.slashfilm.com/1448248/thanksgiving-eli-roth-inspiration-mute-witness-exclusive/,2023-11-17T12:45:50Z,"In an exclusive interview with /Film's Bill Bria, Roth was asked how he approached the slasher archetypes and conventions with an eye toward keeping the audience off-balance. It started with the cast… [+1417 chars]"
263,Fortune,"Lindsey Bahr, The Associated Press",'The Marvels' keeps plummeting in second weekend while 'Hunger Games' prequel tops pre-Thanksgiving box office,"lionsgate considers the $44 million domestic haul and $54.5 million international a strong start for the film, which had just a $100 million budget.",https://fortune.com/2023/11/19/weekend-box-office-pre-thanksgiving-marvels-hunger-games/,2023-11-19T18:53:22Z,"It was a busy weekend at the multiplex, leading into the often lucrative Thanksgiving corridor. And while there was plenty to choose from at the buffet, not everything could be a hit. Audiences had T… [+3554 chars]"
264,Screen Rant,Monica Coman,2023's Box Office Makes Josh Hutcherson The Big Winner Of The Hunger Games Franchise,"josh hutcherson won big at the box office in 2023, beating fellow hunger games co-star jlaw and the new prequel, the ballad of songbirds &amp; snakes.",https://screenrant.com/fnaf-box-office-josh-hutcherson-beat-hunger-games-jennifer-lawrence/,2023-11-23T16:30:15Z,"Summary
<ul><li> Josh Hutcherson's film, Five Nights at Freddy's, had a bigger opening weekend and overall box office success than The Hunger Games prequel and Jennifer Lawrence's comedy movie No Ha… [+6339 chars]"
265,Screen Rant,Kate Bove,Five Nights At Freddy's Golden Freddy Cameo & Why So Many Viewers Missed It,"even though five nights at freddy's golden freddy cameo is way more than a blink-and-you'll-miss-it moment, tons of fnaf viewers have overlooked it.",https://screenrant.com/five-nights-at-freddys-golden-freddy-cameo-missed/,2023-11-08T16:00:21Z,"Spoilers ahead for the Five Nights at Freddy's movie and some franchise lore.
Summary
<ul><li> Golden Freddy's role in the Five Nights at Freddy's movie is more than just a blink-and-you'll-miss-it… [+5088 chars]"
266,FREDZONE,Melchior K.,Le film d’horreur Thanksgiving bat des records au box-office !,"thanksgiving, œuvre cinématographique américaine dirigée par eli roth, a captivé les amateurs de cinéma dès sa sortie le 17 novembre 2023 aux états-unis. cette création tire son inspiration d’une bande-annonce parodique conçue pour le double film d’horreur ré…",https://www.fredzone.org/le-film-dhorreur-thanksgiving-bat-des-records-au-box-office-rmm112,2023-11-29T08:45:14Z,"Thanksgiving, uvre cinématographique américaine dirigée par Eli Roth, a captivé les amateurs de cinéma dès sa sortie le 17 novembre 2023 aux États-Unis. Cette création tire son inspiration dune bande… [+2642 chars]"
267,STERN.de,Laura Stunz,"Streaming-News: Jason Statham sinnt in ""The Beekeeper"" auf Rache – deutscher Trailer zum Actionfilm veröffentlicht","das neue jahr startet actionreich. in ""the beekeeper"" schlüpft jason statham in die rolle eines unscheinbaren imkers, der nach dem selbstmord seiner nachbarin auf rache sinnt.",https://www.stern.de/kultur/-the-beekeeper---im-trailer-sinnt-jason-statham-auf-rache-33980762.html,2023-11-08T14:56:00Z,"In ""The Beekeeper"" zeigt sich Jason Statham mal wieder von seiner feinsten Seite. Als passionierter Imker führt er ein überaus friedliches Leben inmitten seiner Bienen. Doch wie so oft in Statham-Fil… [+2292 chars]"
268,Cosmopolitan.com,Mehera  Bonner,Addison Rae Wore the Ultimate Naked Dress at the 2023 Academy Museum Gala,this look &gt;&gt;&gt;&gt;,https://www.cosmopolitan.com/entertainment/celebs/a46025645/addison-rae-naked-dress-2023-academy-museum-gala/,2023-12-04T13:06:00Z,"Addison Rae was one of the many, many, manyyyyyyyy celebrities to show up to the 2023 Academy Museum Gala last night, and stepped out wearing a gorgeous sheer Roberto Cavalli dress with a lace-up hal… [+1218 chars]"
269,Gizmodo.com,James Whitbrook,NiaDaCosta explica por qué terminó The Marvels de forma remota,"en medio de un mar de informes lascivos sobre la actual agitación estado de marvel studios en un informe de hollywood trade variety la semana pasada, que incluye rumores de que el estudio podría intentar reunirse es original vengadores estrellas para una nuev…",https://es.gizmodo.com/nia-dacosta-capitana-marvel-2-controversia-de-produccio-1850995347,2023-11-06T17:30:00Z,"En medio de un mar de informes lascivos sobre la actual agitación Estado de Marvel Studios en un informe de Hollywood Trade Variety la semana pasada, que incluye rumores de que el estudio podría inte… [+2862 chars]"
270,Deadline,Max Goldbart,Luc Besson To EP ‘Rainbow Warrior’ Feature Doc; ITV Signs Creative Strategy Boss – Global Briefs,"luc besson to ep ‘rainbow warrior’ feature doc luc besson is exec producing a feature documentary exploring the stranger-than-fiction tale of the bombing of the iconic ship rainbow warrior, which is in the works with doscville studios, gnz, europacorp and exp…",https://deadline.com/2023/11/luc-besson-rainbow-warrior-feature-1235594143/,2023-11-06T09:39:51Z,"Luc Besson To EP ‘Rainbow Warrior’ Feature Doc 
Luc Besson is exec producing a feature documentary exploring the stranger-than-fiction tale of the bombing of the iconic ship Rainbow Warrior, which i… [+2435 chars]"
271,ComingSoon.net,Joon Dutta Roy,I’m Still Here Streaming: Watch & Stream Online via Hulu,"if you’re wondering where to stream the film i’m still here online, then you have come to the right place, as we have all the streaming details. directed by casey affleck, the film follows the challenging life of the hollywood actor joaquin phoenix as he exec…",https://www.comingsoon.net/guides/features/1414158-im-still-here-streaming-watch-stream-online-via-hulu,2023-11-24T12:37:44Z,"If youre wondering where to stream the film Im Still Here online, then you have come to the right place, as we have all the streaming details. Directed by Casey Affleck, the film follows the challeng… [+2862 chars]"
272,Biztoc.com,newsweek.com,Rachel Zegler's red carpet exchange leaves reporter blown away,"one reporter had a wholesome interaction with hunger games star rachel zegler on the red carpet. claire rowden, of mtv uk, was on duty interviewing zegler and other cast members of the hunger games: the ballad of songbirds & snakes. a prequel to the the origi…",https://biztoc.com/x/a796ed544533de3f,2023-11-10T15:56:09Z,"One reporter had a wholesome interaction with Hunger Games star Rachel Zegler on the red carpet.Claire Rowden, of MTV UK, was on duty interviewing Zegler and other cast members of The Hunger Games: T… [+300 chars]"
273,TODAY,Gina Vivinetto,'Five Nights at Freddy's' is a record-breaking horror hit. Audiences explain why,what is the audience feedback to five nights at freddy's? read on for fan reactions and why fans of the video game are divided.,https://www.today.com/popculture/movies/five-nights-at-freddys-movie-reactions-rcna123401,2023-11-03T12:31:48Z,"Warning: This post contains light spoilers for Five Nights at Freddy's.
""Five Nights at Freddy's"" is breaking multiple box-office records in its first week in theaters. The supernatural horror movie… [+2862 chars]"
274,ComingSoon.net,Neil Bolt,Five Nights at Freddy’s Box Office Passes Another Milestone,"blumhouse’s five nights at freddy’s movie has moved into the top 20 best-performing movies of 2023 as it passes a significant milestone at the box office. pizza party for freddy the video game adaptation, which had a budget of just $20 million and was release…",https://www.comingsoon.net/movies/news/1400060-fnaf-box-office-milestone,2023-11-13T15:39:00Z,"Blumhouses Five Nights at Freddys movie has moved into the Top 20 best-performing movies of 2023 as it passes a significant milestone at the box office.
The video game adaptation, which had a budget… [+1208 chars]"
275,Levelup.com,Ulises Contreras,Five Nights at Freddy’s: hijo de Matthew Lillard vio la película y lloró por esta razón cautivadora,"la película de five nights at freddy’s fue incapaz de cautivar a los críticos profesionales y a las personas ajenas a la franquicia, pero conquistó los corazones de los fanáticos de los videojuegos originales. sin duda, uno de los elementos mejor recibidos fu…",https://www.levelup.com/noticias/763720/Five-Nights-at-Freddys-hijo-de-Matthew-Lillard-vio-la-pelicula-y-lloro-por-esta-razon-cautivadora,2023-11-13T23:18:00Z,"La película de Five Nights at Freddys fue incapaz de cautivar a los críticos profesionales y a las personas ajenas a la franquicia, pero conquistó los corazones de los fanáticos de los videojuegos or… [+3096 chars]"
276,CBM (Comic Book Movie),MarkJulian,THE MARVELS' Nia DaCosta Reveals How A FINAL FANTASY Movie Helped Land Her The Directing Gig,"although final fantasy vii: advent children was largely panned when it was first released in 2005, the marvels director nia dacosta appears to be a huge fan.",https://comicbookmovie.com/captain-marvel/the-marvels/the-marvels-nia-dacosta-reveals-how-a-final-fantasy-movie-helped-land-her-the-directing-gig-a207734,2023-11-10T13:11:00Z,"When Final Fantasy VII: Advent Children debuted in 2005, it received a lot of negative feedback from both reviewers and fans. But an odd thing has been happening recently: an increasing number of mil… [+2201 chars]"
277,Gizmodo.com,Gordon Jackson and James Whitbrook,Wyatt Russell Thinks Thunderbolts Is Doing Something Different to Other Marvel Movies,"to the surprise of no one, a five nights at freddy’s sequel is in the works. tim burton drops a new look at beetlejuice 2 as filming wraps. say hi to godzilla and kong in new godzilla x kong posters. plus, another new look at the kaiju no. 8 anime. to me, my …",https://gizmodo.com/thunderbolts-movie-marvel-wyatt-russell-us-agent-disney-1851062725,2023-12-01T15:15:00Z,"To the surprise of no one, a Five Nights at Freddys sequel is in the works. Tim Burton drops a new look at Beetlejuice 2 as filming wraps. Say hi to Godzilla and Kong in new Godzilla x Kong posters. … [+4071 chars]"
278,Forbes,"Brian Bushard, Forbes Staff, 
 Brian Bushard, Forbes Staff
 https://www.forbes.com/sites/brianbushard/","Box Office Woes: ‘Hunger Games,’ ‘Trolls’ And ‘The Marvels’ On Pace For Lowest Grosses In Franchise History","“the hunger games: the ballad of songbirds and snakes” grossed $5.75 million in its u.s. preview, and its odds of matching its predecessors’ strong openings are not in its favor.",https://www.forbes.com/sites/brianbushard/2023/11/17/box-office-woes-hunger-games-trolls-and-the-marvels-on-pace-for-lowest-grosses-in-franchise-history/,2023-11-17T20:56:50Z,"The Hunger Games: The Ballad of Songbirds and Snakes grossed $5.75 million in its domestic previews, Deadline and Variety reported, putting the long-awaited prequel on pace for the movie franchises w… [+3166 chars]"
280,Bleeding Cool News,Tom Chang,Thanksgiving: Karen Cliche on Feasting on Eli Roth Horror Opportunity,"karen cliche carved herself quite a career, being active for nearly a quarter century since her debut in 1999's the collectors. she'd built a diverse filmography from action, thrillers, supernatural, and science fiction with memorable roles in fox's mutant x,…",https://bleedingcool.com/movies/thanksgiving-karen-cliche-on-feasting-on-eli-roth-horror-opportunity/,2023-11-19T19:47:09Z,"Posted in: Exclusive, Horror, Interview, Movies, Sony | Tagged: eli roth, exclusive, interview, Karen Cliche, Patrick Dempsey, sony pictures, Spyglass Media, thanksgiving, tristar pictures
Karen Cli… [+6703 chars]"
281,Just Jared,Just Jared,Brie Larson Surprises Fans at 'The Marvels' Screening in New York,"brie larson is heading out to promote her new movie the marvels! directed by nia dacosta, the marvels is the latest mcu entry. in the film, brie‘s carol danvers aka captain marvel fights alongside kamala khan aka ms. marvel (iman vellani) and captain monica r…",https://www.justjared.com/2023/11/10/brie-larson-shows-up-at-the-marvels-screening-in-new-york/,2023-11-11T03:11:02Z,"Brie Larson is heading out to promote her new movie The Marvels!
Directed by Nia DaCosta, The Marvels is the latest MCU entry. In the film, Brie‘s Carol Danvers aka Captain Marvel fights alongside K… [+539 chars]"
282,Jovemnerd.com.br,Tayná Garcia,Joaquin Phoenix diz que Napoleão historicamente correto seria “chato pra c*ralho”,"o ator defende o roteiro do filme de ridley scott
the post joaquin phoenix diz que napoleão historicamente correto seria “chato pra c*ralho” appeared first on jovem nerd.",https://jovemnerd.com.br/nerdbunker/napoleao-joaquin-phoenix-fala-sobre-erros-historicos/,2023-11-24T21:43:34Z,"Depois do cineasta Ridley Scott, chegou a vez de Joaquin Phoenix comentar sobre a polêmica das incoerências históricas em Napoleão.
Em entrevista para a Forbes, o ator que interpreta o imperador fra… [+1125 chars]"
283,Kotaku,Kenneth Shepard,"The Scott Pilgrim Anime Backlash, Explained","scott pilgrim takes off, the new animated series based on bryan lee o’malley’s graphic novels, is out on netflix. the eight-episode series reunites the voice cast of the 2010 live-action movie scott pilgrim vs. the world and is a hilarious blend of the series…",https://kotaku.com/scott-pilgrim-takes-off-netflix-ramona-backlash-1851043407,2023-11-22T21:00:00Z,"Scott Pilgrim Takes Off, the new animated series based on Bryan Lee OMalleys graphic novels, is out on Netflix. The eight-episode series reunites the voice cast of the 2010 live-action movie Scott Pi… [+11581 chars]"
284,/FILM,staff@slashfilm.com (Witney Seibold),Napoleon Director Ridley Scott Explains That Strange Egypt Scene,"in a new interview, director ridley scott talks about the egypt scene from his historical epic napoleon starring joaquin phoenix.",https://www.slashfilm.com/1447758/napoleon-director-ridley-scott-explains-egypt-scene/,2023-11-22T17:00:00Z,"In July 1798, Napoleon led a campaign into Egypt and Syria as a means to conquer the region and, in the words of unreliable history textbooks, to establish trade and scientific exchange. It was Napol… [+1537 chars]"
285,Deadline,Damon Wise,‘Napoleon’ Review: Joaquin Phoenix Excels As A Master Of War In Ridley Scott’s Psychologically Complex But Brilliantly Staged Biopic,"there are ghosts on and off the screen in ridley scott’s 28th feature, chief among them being stanley kubrick’s unrealized biopic of napoleon bonaparte, the corsican military strategist who inveigled his way up through the ranks of the military to become the …",https://deadline.com/2023/11/napoleon-review-joaquin-phoenix-vaness-kirby-in-ridley-scott-psychologically-complex-but-brilliantly-staged-biopic-1235612080/,2023-11-15T00:00:00Z,"There are ghosts on and off the screen in Ridley Scott’s 28th feature, chief among them being Stanley Kubrick’s unrealized biopic of Napoleon Bonaparte, the Corsican military strategist who inveigled… [+6588 chars]"
286,Gizmodo.com,James Whitbrook,"Damn, What Does Disney Have Against Nia DaCosta?","the marvels is likely going to end up one of marvel studios’ worst-performing films in a considerable period of time—and at a time when people are largely questioning the direction of a franchise that has dominated cinema for 15 years, that’s not an ideal bit…",https://gizmodo.com/the-marvels-bob-iger-nia-dacosta-mcu-disney-marvel-1851061428,2023-11-30T16:30:00Z,The Marvelsis likely going to end up one of Marvel Studios worst-performing films in a considerable period of timeand at a time when people are largely questioning the direction of a franchise that h… [+4449 chars]
287,JoBlo.com,Tyler Nichols,Thanksgiving Review,"eli roth delivers a solid slasher flick that features some truly incredible practical fx and killer stalking sequences.
the post thanksgiving review appeared first on joblo.",https://www.joblo.com/thanksgiving-review/,2023-11-17T14:42:52Z,"Eli Roth delivers a solid slasher flick that features some truly incredible practical FX and killer stalking sequences.
PLOT: After a Black Friday riot ends in tragedy, a mysterious Thanksgiving-ins… [+4234 chars]"
288,Espinof.com,Víctor López G.,"Netflix nos recuerda que está a punto de estrenar 'Scott Pilgrim da el salto' con un nuevo tráiler, y la adaptación animada ya nos tiene completamente ""enamorfados""","{""videoid"":""x8pkgl5"",""autoplay"":true,""title"":""scott pilgrim da el salto - trailer final"",""tag"":""""}
 



 desde que hace algo más de medio año se anunció que scott pilgrim volvería a nuestras vidas tras haber triunfado en todos y cada uno de los medios que h…",https://www.espinof.com/trailers/netflix-nos-recuerda-que-esta-a-punto-estrenar-scott-pilgrim-da-salto-nuevo-trailer-adaptacion-animada-nos-tiene-completamente-enamorfados,2023-11-12T14:00:40Z,"Desde que hace algo más de medio año se anunció que Scott Pilgrim volvería a nuestras vidas tras haber triunfado en todos y cada uno de los medios que ha pisado, y que incluyen el cómic su formato or… [+1861 chars]"
289,Espinof.com,Mikel Zorrilla,"'Los juegos del hambre: Balada de pájaros cantores y serpientes' es la versión Panem de 'Breaking Bad', pero la idea de lo que cuenta es bastante mejor que cómo lo hace","todo lo que tiene éxito acaba volviendo. da igual el tiempo que pase, que antes o después tendrá una nueva entrega salvo que haya algo insalvable que lo impida -como es el caso de 'regreso al futuro'-. era obvio que la franquicia de 'los juegos del hambre' no…",https://www.espinof.com/criticas/juegos-hambre-balada-pajaros-cantores-serpientes-version-panem-breaking-bad-idea-que-cuenta-bastante-mejor-que-como-hace,2023-11-17T14:31:21Z,"Todo lo que tiene éxito acaba volviendo. Da igual el tiempo que pase, que antes o después tendrá una nueva entrega salvo que haya algo insalvable que lo impida -como es el caso de 'Regreso al futuro'… [+6507 chars]"
290,Bleeding Cool News,Aedan Juvet,Eli Roth Shares the Origin of His Thanksgiving Slasher John Carver,"we're now entering the third week of thanksgiving, a grindhouse-trailer-turned-film, which has already managed to earn its budget back due to the film's ability to offer audiences campy, slasher goodness. and just like scream needs ghostface, or friday the 13…",https://bleedingcool.com/movies/eli-roth-shares-the-origin-of-his-thanksgiving-slasher-john-carver/,2023-11-28T12:47:08Z,"Posted in: Horror, Movies, Sony | Tagged: eli roth, film, horror, slasher, thanksgiving
Horror filmmaker Eli Roth is revealing the primary objective behind his new, unexpected Thanksgiving slasher i… [+2883 chars]"
291,Vida Extra,Juan Sanmartín,El batacazo de The Marvels es tan grande para el UCM que Disney deja de compartir los datos de taquilla,el último proyecto de marvel en las salas de cine no apuntaba a conseguir los éxitos de antaño y finalmente disney lo ha confirmado con una decisión absolutamente radical. el rendimiento de the marvels en taquilla está siendo el más flojo desde que se dio el …,https://www.vidaextra.com/cine/batacazo-the-marvels-grande-para-ucm-que-disney-deja-compartir-datos-taquilla,2023-12-04T09:32:21Z,El último proyecto de Marvel en las salas de cine no apuntaba a conseguir los éxitos de antaño y finalmente Disney lo ha confirmado con una decisión absolutamente radical. El rendimiento de The Marve… [+1643 chars]
294,Revistagq.com,Noel Ceballos,Cómo Five Nights at Freddy's ha terminado enfrentando a la crítica con sus fans,"desde que se convirtió en una sensación viral allá por 2014, five nights at freddy's ha logrado construir una de las franquicias más improbables e idiosincrásicas de la historia de los videojuegos indie, con millones de adeptos en todo el mundo y una mitologí…",https://www.revistagq.com/articulo/five-nights-at-freddy-criticas-polemica,2023-11-02T10:38:55Z,"Desde que se convirtió en una sensación viral allá por 2014, Five Nights at Freddy's ha logrado construir una de las franquicias más improbables e idiosincrásicas de la historia de los videojuegos in… [+5000 chars]"
295,Journal du geek,Julie Hay,The Marvels : la scène post-crédits va changer tout le MCU (spoilers),"après plusieurs bouteilles à la mer, des scènes post-crédits qui n'ont jamais été exploitées, marvel renoue avec les séquences riches en informations sur l'avenir de ses héros. il s'agit sans doute de la plus importante en dix ans. 
the marvels : la scène pos…",https://www.journaldugeek.com/2023/11/10/the-marvels-la-scene-post-credits-va-changer-tout-le-mcu-spoilers/,2023-11-10T19:00:36Z,"La réunion de Carol Danvers, Monica Rambeau et Kamala Khan n’est sans doute pas le métrage le plus attendu chez Marvel cette année, mais il mérite d’être vu. Si le récit évolue à priori en vase clos,… [+3258 chars]"
296,The A.V. Club,The A.V. Club Bot,"The week in film: Thanksgiving's gory feast, and what's wrong with Marvel","horror fans have been waiting more than a decade for thanksgiving, director eli roth’s holiday slasher about a killer in a pilgrim mask terrorizing a small massachusetts town. ever since roth’s fake trailer for the film showed up in quentin tarantino and robe…",https://www.avclub.com/the-week-in-film-thanksgivings-gory-feast-and-whats-w-1851032497,2023-11-18T15:00:00Z,"Horror fans have been waiting more than a decade for Thanksgiving, director Eli Roths holiday slasher about a killer in a pilgrim mask terrorizing a small Massachusetts town. Ever since Roths fake tr… [+5201 chars]"
297,Gizmodo.com,Germain Lussier,El Día de Acción de Gracias de Eli Roth es una delicia tonta y repugnante,"la idea de eli roth a hacer una película de terror sobre acción de gracias fue originalmente una broma. varias vacaciones son sinónimo de terror de hollywood. víspera de todos los santos, por supuesto. navidad tiene algunas películas. también el día de san va…",https://es.gizmodo.com/accion-de-gracias-resena-de-la-pelicula-eli-roth-terror-1851032578,2023-11-17T22:30:00Z,"La idea de Eli Roth a hacer una película de terror sobreAcción de graciasfue originalmente una broma. Varias vacaciones son sinónimo de terror de Hollywood. Víspera de Todos los Santos, por supuesto.… [+5731 chars]"
298,Dark Horizons,Garth Franklin,Eli Roth’s “Thanksgiving” Is Getting A Sequel,sony’s tristar pictures and filmmaker eli roth are set to do a sequel to this year’s horror hit “thanksgiving” which has grossed $30 million globally in its first two weeks and dropped just 31% in its second weekend – a rare feat for a horror film. in additio…,https://www.darkhorizons.com/eli-roths-thanksgiving-is-getting-a-sequel/,2023-11-30T21:15:43Z,Sony’s TriStar Pictures and filmmaker Eli Roth are set to do a sequel to this year’s horror hit “Thanksgiving” which has grossed $30 million globally in its first two weeks and dropped just 31% in it… [+1285 chars]
300,JoBlo.com,Cody Hamman,Five Nights at Freddy’s is Blumhouse’s highest-grossing movie,"the video game adaptation five nights at freddy's has become the highest-grossing release from blumhouse productions
the post five nights at freddy’s is blumhouse’s highest-grossing movie appeared first on joblo.",https://www.joblo.com/five-nights-gross/,2023-11-27T17:26:20Z,"The video game adaptation Five Nights at Freddy’s has become the highest-grossing release from Blumhouse Productions
Blumhouse Productions has been one of the biggest names in horror for several yea… [+3600 chars]"
301,Corriere.it,Paolo Baldini,"Il ritorno di Hunger Games, il prof Nicolas Cage, la ballata di Ken Loach e altri 7 film al cinema e in streaming","le prime visioni nelle sale e le novità delle piattaforme digitali: «hunger games: la ballata dell’usignolo e del serpente», «dream scenario: hai mai sognato quest’uomo?», «the old oak», «misericordia», «un altro domani», «thanksgiving: la morte ti ringrazier…",https://www.corriere.it/spettacoli/cinema-serie-tv/cards/ritorno-hunger-games-prof-nicolas-cage-ballata-ken-loach-altri-7-film-cinema-streaming/hunger-games-ballata-dell-usignolo-serpente-sale_principale.shtml,2023-11-18T10:31:33Z,"Per inquadrare in maniera corretta la saga, letteraria e cinematografica, di Hunger Games occorre una piccola premessa. L’intero ambaradan nasce dai bestseller fantasy di Suzanne Collins. Trattasi di… [+4273 chars]"
302,Just Jared,Just Jared,Olivia Rodrigo Drops 'Can't Catch Me Now' Video While Attending the 'Hunger Games' Prequel L.A. Premiere - Watch Now!,olivia rodrigo performs the theme song for the new movie the hunger games: the ballad of songbirds and snakes and she has dropped the music video for the track! the 20-year-old singer released the song while attending the red carpet premiere for the movie on …,https://www.justjared.com/2023/11/13/olivia-rodrigo-drops-cant-catch-me-now-video-while-attending-the-hunger-games-prequel-l-a-premiere-watch-now/,2023-11-14T02:06:47Z,"Olivia Rodrigo performs the theme song for the new movie The Hunger Games: The Ballad of Songbirds and Snakes and she has dropped the music video for the track!
The 20-year-old singer released the s… [+668 chars]"
303,Jovemnerd.com.br,Camila Sousa,As Marvels evidencia todos os pontos fracos e fortes da Marvel | Crítica,"longa brilha quando protagonistas estão em cena, mas se perde em roteiro e montagem confusas
the post as marvels evidencia todos os pontos fracos e fortes da marvel | crítica appeared first on jovem nerd.",https://jovemnerd.com.br/nerdbunker/as-marvels-critica/,2023-11-09T14:04:08Z,"Não é exagero dizer que o mundo era bem diferente quando Capitã Marvel foi lançado nos cinemas, em março de 2019. Os fãs da Marvel ainda não haviam assistido à catarse de Vingadores: Ultimato (que sa… [+5518 chars]"
304,Bloody Disgusting,John Squires,‘Five Nights at Freddy’s’ Just Became the Highest Grossing Blumhouse Movie of all Time,"blumhouse productions has had no shortage of box office hits over the years, including paranormal activity, insidious, sinister, the purge, get out and halloween, but it’s this year’s video game adaptation five nights at freddy’s that is the company’s biggest…",https://bloody-disgusting.com/movie/3790048/five-nights-at-freddys-just-became-the-highest-grossing-blumhouse-movie-of-all-time/,2023-11-27T16:42:16Z,"Blumhouse Productions has had no shortage of box office hits over the years, including Paranormal Activity, Insidious, Sinister, The Purge, Get Out and Halloween, but it’s this year’s video game adap… [+1869 chars]"
305,Eurogamer.net,Ed Nightingale,"Final Fantasy 7 remake trilogy will link with Advent Children, confirms producer","final fantasy 7's remake trilogy will ultimately link up with advent children, making the film part of the remake canon.

tetsuya nomura, creative director for final fantasy 7 rebirth, previously told the guardian the games would link up to advent children. n…",https://www.eurogamer.net/final-fantasy-7-remake-trilogy-will-link-with-advent-children-confirms-producer,2023-11-16T16:16:15Z,"Final Fantasy 7's remake trilogy will ultimately link up with Advent Children, making the film part of the remake canon.
Tetsuya Nomura, creative director for Final Fantasy 7 Rebirth, previously tol… [+2871 chars]"
306,Slashdot.org,EditorDavid,Ridley Scott Is Terrified of AI: 'It's a Technical Hydrogen Bomb',"""several of your films have explored artificial intelligence,"" rolling stone pointed out to 85-year-old ridley scott, before asking: ""does ai worry you?""


ridley scott: i always thought the world would end up being run by two corporations, and i think we're …",https://entertainment.slashdot.org/story/23/11/26/0517235/ridley-scott-is-terrified-of-ai-its-a-technical-hydrogen-bomb,2023-11-26T19:34:00Z,"Ridley Scott: I always thought the world would end up being run by two corporations, and I think we're headed in that direction. Tyrell Corp in Blade Runner probably owned 45-50% of the world, and on… [+1809 chars]"
307,Journal du geek,Olivier,Five Nights at Freddy’s cartonne au cinéma et en streaming,"le film d'horreur five nights at freddy’s, inspiré du jeu vidéo éponyme, s'est rapidement hissé au sommet de la plateforme de streaming peacock. en seulement cinq jours après sa sortie, c'est tout simplement devenu le film le plus regardé sur le service, surp…",https://www.journaldugeek.com/2023/11/05/five-nights-at-freddys-cartonne-au-cinema-et-en-streaming/,2023-11-05T16:00:36Z,"Le film d'horreur Five Nights at Freddys, inspiré du jeu vidéo éponyme, s'est rapidement hissé au sommet de la plateforme de streaming Peacock. En seulement cinq jours après sa sortie, c'est tout sim… [+2451 chars]"
308,Gizmodo.com,Cheryl Eddy,El tráiler final de Blazing de Marvel ya está aquí,"el primero maravillas el tráiler cayó todo el camino en abril, dándonos nuestro primer buen vistazo de la película travesuras de cambio de superhéroe. ahora, claro, sabemos mucho más acerca de el capitana maravilla secuela—pero, por supuesto, marvel no puede …",https://es.gizmodo.com/marvels-final-trailer-mcu-brie-larson-capitana-marvel-1850997592,2023-11-07T02:54:00Z,"El primero maravillas el tráiler cayó todo el camino en abril, dándonos nuestro primer buen vistazo de la película travesuras de cambio de superhéroe. Ahora, claro, sabemosmucho más acerca de el capi… [+1525 chars]"
309,Espinof.com,Víctor López G.,"Ridley Scott impresiona pero no emociona con 'Napoleón', una nueva exhibición formal que demuestra la importancia del montaje al moldear narrativas","desde hace una buena temporada, y tras mantener una conversación de lo más interesante con un buen amigo guionista, defiendo a capa y espada la idea de que opinar sobre el libreto al escribir una crítica o evaluar un largometraje no tiene ningún tipo de senti…",https://www.espinof.com/criticas/ridley-scott-impresiona-no-emociona-napoleon-nueva-exhibicion-formal-que-demuestra-importancia-montaje-al-moldear-narrativas,2023-11-24T14:02:00Z,"Desde hace una buena temporada, y tras mantener una conversación de lo más interesante con un buen amigo guionista, defiendo a capa y espada la idea de que opinar sobre el libreto al escribir una crí… [+3631 chars]"
310,Tubefilter,Sam Gutelle,DIY creator Moriah Elizabeth is bringing a line of plush toys to Walmart,"moriah elizabeth is rolling out another product inspired by her crafty youtube videos. the diy creator has joined forces with bonkers toys to debut a line of plushies that will be sold at walmart.
elizabeth, who counts 9.5 million subscribers on her primary y…",https://www.tubefilter.com/?p=177195,2023-12-01T17:34:16Z,"Moriah Elizabeth is rolling out another product inspired by her crafty YouTube videos. The DIY creator has joined forces with Bonkers Toys to debut a line of plushies at Walmart.
Elizabeth, who coun… [+1904 chars]"
313,Rolling Stone,Sage Anderson,Where to Stream All the ‘Hunger Games’ Films Before You Watch ‘Ballad of Songbirds and Snakes’,the full dystopian franchise is available to watch online — here's how to catch up on all the films before you see the prequel in theaters,https://www.rollingstone.com/product-recommendations/lifestyle/where-to-watch-every-hunger-games-film-online-streaming-1234902500/,2023-11-30T20:30:09Z,"If you purchase an independently reviewed product or service through a link on our website, Rolling Stone may receive an affiliate commission.
Quick Answer: Watch The Hunger Games online with Peacoc… [+4239 chars]"
314,Culturaocio.com,,¿Tiene escena post-créditos Five Nights at Freddy's?,"five nights at freddy's, la película basada en el exitoso videojuego homónimo, ya arrasa en cines. la cinta de terror dirigida por emma tammi (into the dark, el viento) ha conquistado al público con su singular historia ambientada en una pizzería tomada por u…",https://www.culturaocio.com/cine/noticia-tiene-escena-post-creditos-five-nights-at-freddys-20231102140658.html,2023-11-02T13:06:58Z,"MADRID, 2 Nov. (CulturaOcio) - 
   Five Nights at Freddy's, la película basada en el exitoso videojuego homónimo, ya arrasa en cines. La cinta de terror dirigida por Emma Tammi (Into the Dark, El vi… [+2718 chars]"
315,Gizmodo.com,Sabina Graves,"Las primeras reacciones de Marvels están aquí, y por todo el lugar","las primeras impresiones para las maravillas han accedido a internet, y mientras la película de marvel studios que vuela por el poder de su trío de héroes, para otros, que la química se destruye por cuestiones más ampliasread more...",https://es.gizmodo.com/las-reacciones-criticas-de-marvels-mcu-brie-larson-1851001770,2023-11-08T05:10:00Z,"Las primeras impresiones para Las maravillashan accedido a Internet, y mientras la película de Marvel Studios que vuela por el poder de su trío de héroes, para otros, que la química se destruye por c… [+1229 chars]"
316,/FILM,staff@slashfilm.com (Jeremy Smith),Denzel Washington's Gladiator 2 Character Sounds Like He's Going To Leave An Impression,ridley scott has offered up some details on denzel washington&amp;#39;s character in the upcoming gladiator 2.,https://www.slashfilm.com/1447966/denzel-washington-gladiator-2-character/,2023-11-16T12:45:42Z,"Interestingly, Washington's character (who has yet to be named) conceals his past as a gladiator because he has ambitions that extend well beyond his business. ""He's wealthier than most senators,"" sa… [+1059 chars]"
317,Time,Stephanie Zacharek,"Napoleon Is a Big, Messy Pageant, With Joaquin Phoenix as Its Dad-Humor Emperor","ridley scott's historical epic is sometimes boring and pretentious and often a little silly, but there's still something compelling about it. read time's review.",https://time.com/6338326/napoleon-movie-review/,2023-11-22T13:30:00Z,"Trust no onenot even mewho tries to tell you Ridley Scotts Napoleon is any good. Good is perhaps not the word to use. Napoleon is a sprawl, a messy pageant, a little crazy and yet perhaps not crazy e… [+6255 chars]"
318,Levelup.com,Ulises Contreras,"Five Nights at Freddy’s: los críticos la odiaron, pero la película rompe récords y hace historia","five nights at freddy’s es la más reciente adaptación cinematográfica de un videojuego que triunfa en la gran pantalla. a casi un mes de su estreno oficial, acaba de romper un nuevo récord y ya es uno de los mejores éxitos de 2023, a pesar de sus malas crític…",https://www.levelup.com/noticias/765574/Five-Nights-at-Freddys-los-criticos-la-odiaron-pero-la-pelicula-rompe-records-y-hace-historia,2023-11-27T18:00:00Z,"Five Nights at Freddys es la más reciente adaptación cinematográfica de un videojuego que triunfa en la gran pantalla. A casi un mes de su estreno oficial, acaba de romper un nuevo récord y ya es uno… [+3223 chars]"
