Source ID,Source Name,Author,Title,Description,URL,URL To Image,Published At,Content
,Screen Rant,Sarah Little,Every Way Ballad Of Songbirds & Snakes Foreshadows Katniss' Future,"The Ballad of Songbirds &amp; Snakes takes place 64 years before Katniss Everdeen’s first Hunger Games, but the film has many nods to the Girl on Fire.",https://screenrant.com/ballad-songbirds-snakes-katniss-future-hunger-games-foreshadow/,https://static1.srcdn.com/wordpress/wp-content/uploads/2023/11/_ballad-songbirds-snakes-katniss-future-hunger-games-foreshadow.jpg,2023-11-28T17:45:13Z,"Summary
<ul><li> The Hunger Games: The Ballad of Songbirds &amp; Snakes contains Easter eggs that foreshadow events in the original trilogy, hinting at the girl who will ultimately destroy President… [+8277 chars]"
,The Intercept,Deconstructed,"Who Was Napoleon’s Wife, Joséphine Bonaparte?","With “Napoleon” coming to theaters, we visit the fascinating life of his first wife, Josephine Bonaparte.
The post Who Was Napoleon’s Wife, Joséphine Bonaparte? appeared first on The Intercept.",http://theintercept.com/2023/11/19/deconstructed-podcast-josephine-bonaparte-napoloeon/,https://theintercept.com/wp-content/uploads/2023/11/deconstructed-josephine-bonaparte-ft.jpg?fit=1440%2C720&w=1200&h=800,2023-11-19T21:30:00Z,"This week, theaters around the country will begin to screen Napoleon, a historical drama film based on the story of Napoleon Bonaparte. The film, starring Joaquin Phoenix in the titular role, chronic… [+581 chars]"
,Screen Rant,Aleena Malik,Sejanus' Fate In Ballad Of Songbirds & Snakes References A Dark Catching Fire Arena Detail,"The Ballad of Songbirds &amp; Snakes connects to The Hunger Games in numerous meaningful ways, but the darkest reference lies in Sejanus' fate.",https://screenrant.com/ballad-songbirds-snakes-sejanus-death-catching-fire-jabberjays/,https://static1.srcdn.com/wordpress/wp-content/uploads/2023/11/sejanus-plinthe-poster.jpg,2023-12-04T13:45:17Z,"Warning: This post contains major spoilers for The Hunger Games: The Ballad of Songbirds and Snakes
Summary
<ul><li> Sejanus's tragic death at the hands of Snow showcases the depths of Snow's manip… [+3757 chars]"
bbc-news,BBC News,https://www.facebook.com/bbcnews,Napoleon Bonaparte's hat to go on sale at Paris auction,"The black bicorne felt hat was a trademark of the French emperor, and is expected to fetch up to €800,000.",https://www.bbc.co.uk/news/world-europe-67465802,https://ichef.bbci.co.uk/news/1024/branded_news/157E4/production/_131763088_0f28fc119e7deb81106e505412c5539e19b4ad2e0_588_5663_31871000x563.jpg,2023-11-19T00:23:07Z,"A hat belonging to Napoleon Bonaparte when he ruled the French empire in the 19th Century will go on sale at auction in Paris on Sunday.
The bicorne black beaver felt hat is valued between 600,000 a… [+1535 chars]"
,Screen Rant,Nick Bythrow,Hunger Games Cosplayer Meticulously Recreates Lucy Gray's Colorful Songbirds & Snakes Dress,"A Hunger Games cosplayer meticulously recreates Lucy Gray's colorful dress from The Ballad of Songbirds &amp; Snakes in stunning, vibrant detail.",https://screenrant.com/hunger-games-songbirds-snakes-lucy-gray-dress-cosplay/,https://static1.srcdn.com/wordpress/wp-content/uploads/2023/11/rachel-zegler-the-hunger-games-ballad-of-songbirds-and-snakes-1.jpg,2023-11-28T17:13:29Z,"Summary
<ul><li> A cosplayer recreates Lucy Gray's rainbow dress from The Hunger Games: The Ballad of Songbirds &amp; Snakes. </li><li> The dress is an important symbol of inspiration for Lucy Gray … [+2398 chars]"
business-insider,Business Insider,Madeline Berg,Bob Iger admits Disney's movies aren't all that good anymore,The Disney CEO said the company was focused on quantity over quality.,https://www.businessinsider.com/bob-iger-admits-disney-movies-have-been-bad-2023-11,https://i.insider.com/654c1648b788914e5552fbaa?width=1200&format=jpeg,2023-11-08T23:19:42Z,"Disney CEO Bob Iger didn't make any excuses for recent flops during the company's earnings call. Valerie Macron/Getty Images
<ul><li>Bob Iger's second run as Disney's CEO has been mired with challen… [+2140 chars]"
,/FILM,staff@slashfilm.com (Hannah Shaw-Williams),The Marvels Box Office Goes From Bad To Worse With Catastrophic Second Weekend Drop,The Marvels sets another unenviable box office record as it heads for the Marvel Cinematic Universe&amp;#39;s biggest ever second weekend drop.,https://www.slashfilm.com/1450417/marvels-biggest-second-weekend-box-office-drop-mcu/,https://www.slashfilm.com/img/gallery/the-marvels-box-office-goes-from-bad-to-worse-with-record-breaking-second-weekend-drop/l-intro-1700333402.jpg,2023-11-18T19:28:58Z,"As ""The Hunger Games"" franchise makes a big for a comeback with prequel movie ""The Ballad of Songbirds &amp; Snakes,"" the Marvel Cinematic Universe's woes continue. After setting a new franchise low … [+1547 chars]"
,Biztoc.com,newsweek.com,Rachel Zegler's red carpet exchange leaves reporter blown away,"One reporter had a wholesome interaction with Hunger Games star Rachel Zegler on the red carpet. Claire Rowden, of MTV UK, was on duty interviewing Zegler and other cast members of The Hunger Games: The Ballad of Songbirds & Snakes. A prequel to the the origi…",https://biztoc.com/x/a796ed544533de3f,https://c.biztoc.com/p/a796ed544533de3f/s.webp,2023-11-10T15:56:09Z,"One reporter had a wholesome interaction with Hunger Games star Rachel Zegler on the red carpet.Claire Rowden, of MTV UK, was on duty interviewing Zegler and other cast members of The Hunger Games: T… [+300 chars]"
,/FILM,staff@slashfilm.com (Bill Bria),The Marvels Executive Producer On Working With MCU Continuity And The Magnitude Of Space [Exclusive Interview],"/Film sat down with Mary Livanos, an executive producer of The Marvels, to talk about fitting the film into the MCU&amp;#39;s continuity, its cosmic setting, and more.",https://www.slashfilm.com/1441136/the-marvels-executive-producer-mary-livanos-exclusive-interview/,https://www.slashfilm.com/img/gallery/the-marvels-executive-producer-on-working-with-mcu-continuity-and-portraying-the-magnitude-of-space-exclusive-interview/l-intro-1699397504.jpg,2023-11-09T13:00:00Z,"So Carol, Kamala, and Monica, they've all already been established in other media, but what was it like for you to make Marvel's first all-female team film? How do you approach balancing characters t… [+2018 chars]"
techradar,TechRadar,Athena Dawson,Prime Video’s new game-inspired series looks equal parts haunting and thrilling,We just got our first look at the series version of the popular dystopian game.,https://www.techradar.com/streaming/entertainment/prime-videos-new-game-inspired-series-looks-equal-parts-haunting-and-thrilling,https://cdn.mos.cms.futurecdn.net/nuu9o3aqGmvrAQMrKxqYYK-1200-80.jpg,2023-11-28T23:57:00Z,"Prime Video finally teased a first look at its upcoming show based on the popular video game series Fallout, and it looks like it will closely follow the plot of the game series.
Amazon Studios reve… [+2133 chars]"
,/FILM,staff@slashfilm.com (Ben Pearson),Bob Iger's 'Supervision' Comment About The Marvels Crossed A Line,"On today&amp;#39;s episode of the /Film Daily podcast, Ben and BJ talk about Bob Iger&amp;#39;s absurd comment about The Marvels and whether the Disney CEO is losing his touch.",https://www.slashfilm.com/1460560/bob-iger-supervision-comment-the-marvels-crossed-line/,https://www.slashfilm.com/img/gallery/bob-igers-supervision-comment-about-the-marvels-crossed-a-line/l-intro-1701455102.jpg,2023-12-01T21:28:05Z,"For years, Bob Iger has been seen as one of the most level-headed and respected studio chiefs in Hollywood. The two-time Walt Disney Company CEO has been widely praised for his shrewd deal-making (th… [+1549 chars]"
,IndieWire,Tom Brueggemann,Only One 2023 Movie with a Budget Over $200 Million Has Made a Profit (So Far) This Year,"And there's no assurance that others will follow suit. As ""Wish"" and ""Napoleon"" join the $200 Million Club, we examine the increasingly slippery slope of making money on very big-budget movies.",https://www.indiewire.com/news/box-office/2023-movies-200-million-budget-1234928420/,https://www.indiewire.com/wp-content/uploads/2023/05/guardians-of-the-galaxy-vol-3_Mnuri2-1024x683-1.jpg,2023-11-27T19:00:00Z,"With animated tale “Wish” (Disney) and Amazon’s historical epic “Napoleon” (Sony) both opening last week on November 22, we now have 13 releases in 2023 that cost $200 million or more; when “Aquaman … [+6602 chars]"
,Forbes,"Mark Hughes, Contributor, 
 Mark Hughes, Contributor
 https://www.forbes.com/sites/markhughes/","‘The Marvels’ Makes Box Office History, ‘The Hunger Games’ Eyes #1 Spot","What cost ""The Marvels"" the box office crown for November, and will ""The Hunger Games: The Ballad of Songbirds and Snakes"" become the month's box office royalty?",https://www.forbes.com/sites/markhughes/2023/11/16/the-marvels-makes-box-office-history-the-hunger-games-eyes-1-spot/,https://imageio.forbes.com/specials-images/imageserve/655599a3039693c028c14a3f/0x0.jpg?format=jpg&height=900&width=1600&fit=bounds,2023-11-16T13:00:00Z,"While Marvel Studios expected The Marvels to blast off to higher box office last weekend, the Captain Marvel sequel from Nia DaCosta still topped the box office for the weekend and officially became … [+7388 chars]"
,/FILM,staff@slashfilm.com (Jacob Hall),How The Ballad Of Songbirds And Snakes Director Made A Vital Hunger Games Prequel [Exclusive Interview],"We sat down with director Francis Lawrence to talk about the intricacies of his new Hunger Games prequel, The Ballad of Songbirds and Snakes.",https://www.slashfilm.com/1449530/hunger-games-ballad-of-songbirds-and-snakes-director-francis-lawrence-interview/,https://www.slashfilm.com/img/gallery/how-the-ballad-of-songbirds-and-snakes-director-made-a-vital-hunger-games-prequel-exclusive-interview/l-intro-1700232610.jpg,2023-11-17T16:14:35Z,"So this is clearly Panem, but decades before the original movies. The reverse engineering of what this world looks like 70 years earlier fascinates me. Can you talk about the directives you and your … [+3978 chars]"
,Kotaku,Levi Winslow,Spider-Man 2 Reportedly Cut A Ton Of Venom Content,"About one month on from Marvel’s Spider-Man 2's launch, we’re learning some new details about Insomniac Games’ open-world robber-stopper RPG. According to a report by YouTuber Evan Filarca, the game had a ton of content cut before releasing on October 20, par…",https://kotaku.com/spider-man-2-miles-morales-venom-symbiote-cut-content-1851048904,"https://i.kinja-img.com/image/upload/c_fill,h_675,pg_1,q_80,w_1200/7797015c8c0c7a626f05c02f05b14006.jpg",2023-11-27T16:15:00Z,"About one month on fromMarvels Spider-Man 2's launch, were learning some new details about Insomniac Games open-world robber-stopper RPG. According to a report by YouTuber Evan Filarca, the game had … [+2415 chars]"
,GameSpot,Phil Owen,The Hunger Games: The Ballad Of Songbirds And Snakes Review - Series Best,"I wasn't really worried about whether director Francis Lawrence, who shepherded three of the four previous Hunger Games movies, would deliver a very well made and watchable flick with The Hunger Games: A Ballad of Songbirds and Snakes. But I was worried that …",https://www.gamespot.com/reviews/the-hunger-games-the-ballad-of-songbirds-and-snakes-review-series-best/1900-6418155/,https://www.gamespot.com/a/uploads/screen_kubrick/123/1239113/4218191-hungergames.jpeg,2023-11-09T19:00:00Z,"I wasn't really worried about whether director Francis Lawrence, who shepherded three of the four previous Hunger Games movies, would deliver a very well made and watchable flick with The Hunger Game… [+6692 chars]"
,/FILM,staff@slashfilm.com (Witney Seibold),The Marvels Star Iman Vellani Says The Box Office Is Disney CEO Bob Iger's Problem,The Marvels&amp;#39; Imran Vellani has wise words for those who wonder what she thinks about the MCU movie&amp;#39;s box office performance.,https://www.slashfilm.com/1451806/the-marvels-iman-vellani-box-office-disney-ceo-bob-iger-problem/,https://www.slashfilm.com/img/gallery/the-marvels-star-iman-vellani-says-the-box-office-is-disney-ceo-bob-igers-problem/l-intro-1700521910.jpg,2023-11-20T23:45:53Z,"Iman Vellani even called out Disney CEO Bob Iger by name, saying: ""I don't want to focus on something that's not even in my control, because what's the point? [...] That's for Bob Iger.""
Prior to th… [+1449 chars]"
,Digital Trends,Jason Struss,The Marvels: How many post-credits scenes are there in the latest MCU movie?,"With every MCU movie, fans have to know: Does it have an end credits scene? DT reveals how many post-credits scenes The Marvels has and who shows up at the end.",https://www.digitaltrends.com/movies/the-marvels-post-credits-scene-explanation/,https://www.digitaltrends.com/wp-content/uploads/2023/11/the-marvels-poster-a.jpg?resize=1200%2C630&p=1,2023-11-10T00:00:46Z,"Marvel Studios
It’s November, which means it’s time for the usual seasonal things: holiday movies no one wants to see; too many football games to keep track of; and sales on stuff you probably don’t… [+3524 chars]"
,HuffPost,Jazmin Tolliver,Jennifer Lawrence Dismisses Plastic Surgery Rumors After Speculation From Fans,The “Hunger Games” star chatted with Kylie Jenner about claims that she went under the knife in recent years.,https://www.huffpost.com/entry/jennifer-lawrence-addresses-plastic-surgery-rumors_n_6564f3fce4b0f35896f6f0c9,https://img.huffingtonpost.com/asset/6564f4fe240000bd17554525.jpeg?cache=AgScN1U1PO&ops=1200_630,2023-11-27T23:19:26Z,"Jennifer Lawrence is clearing the air after internet trolls speculated that the actor surgically altered her appearance. 
In a new conversation published in Interview, the No Hard Feelings star sat … [+4585 chars]"
,The Atlantic,Shirley Li,The Real Legacy of the Hunger Games Franchise,"The series succeeded not because it had a clear political philosophy, but because it understood the power of entertainment above all.",https://www.theatlantic.com/culture/archive/2023/11/hunger-games-franchise-cultural-influence/676033/?utm_source=feed,,2023-11-17T14:17:30Z,"Hollywood was never going to stop making more Hunger Games movies. Based on Suzanne Collins’s best-selling dystopian young-adult novels, the first four films released from 2012 to 2015 collectively g… [+6621 chars]"
,Gizmodo.com,Sabina Graves,This Gift Guide Will Bring Marvel Merriment to Your Holiday Season,"Image: Marvel
The whole family can channel their favorite Marvel characters with gifts inspired by the heroes and villains of the MCU, Spider-Man films, Disney+ shows like Loki and Ms. Marvel, and ‘90s X-Men cartoon throwbacks. This holiday season, be merry …",https://gizmodo.com/marvel-studios-disney-marvel-comics-style-gift-guide-1851060065,"https://i.kinja-img.com/image/upload/c_fill,h_675,pg_1,q_80,w_1200/d38a646b9c213d28503f316759102dfb.jpg",2023-11-30T21:30:00Z,"The whole family can channel their favorite Marvel characters with gifts inspired by the heroes and villains of the MCU, Spider-Man films, Disney+ shows like Loki and Ms. Marvel, and 90s X-Men cartoo… [+342 chars]"
,The A.V. Club,Peter Scobel,The Marvels: what to watch before the new MCU movie,"In Binge Club, our experts break down all the films and TV shows you need to brush up on ahead of The Marvels",https://www.avclub.com/the-marvels-what-to-watch-before-the-new-mcu-movie-1851000708,"https://i.kinja-img.com/image/upload/c_fill,h_675,pg_1,q_80,w_1200/c09a7fa80efd33bc749998804355e582.jpg",2023-11-07T22:09:04Z,"In Binge Club, our experts break down all the films and TV shows you need to brush up on ahead of The Marvels
We may earn a commission from links on this page."
the-verge,The Verge,Sheena Vasani,The Nintendo Switch OLED and Xbox Series X are on sale with a $75 Dell gift card,"The Nintendo Switch OLED and Xbox Series X are on sale at Dell. We also found deals on the Amazfit Band 7, the Nanoleaf Shapes Mini Triangles, and the iRobot Roomba i3 Plus Evo.",https://www.theverge.com/2023/11/10/23954803/nintendo-switch-oled-xbox-series-x-amazfit-band-7-deal-sale,https://cdn.vox-cdn.com/thumbor/Bh_fnAOghwC07h38qMZExteX6TE=/0x0:2040x1360/1200x628/filters:focal(1020x680:1021x681)/cdn.vox-cdn.com/uploads/chorus_asset/file/22873303/cfaulkner_210921_4751_0003.jpg,2023-11-10T17:00:48Z,"The Nintendo Switch OLED and Xbox Series X are on sale with a $75 Dell gift card
The Nintendo Switch OLED and Xbox Series X are on sale with a $75 Dell gift card
 / The Xbox Series X is also $50 of… [+3064 chars]"
,/FILM,staff@slashfilm.com (Valerie Ettenhofer),Ridley Scott's Napoleon Rides To A $33 Million Debut At The Thanksgiving Box Office,"Napoleon is battling Disney&amp;#39;s Wish for second place at the Thanksgiving box office, as Apple Original Films makes another bid for awards season prestige.",https://www.slashfilm.com/1455013/ridley-scott-napoleon-thanksgiving-box-office/,https://www.slashfilm.com/img/gallery/ridley-scotts-napoleon-rides-to-a-33-million-debut-at-the-thanksgiving-box-office/l-intro-1700939359.jpg,2023-11-25T19:17:21Z,"The film's initial haul is nothing to sneeze at, but it's also still far from recouping its costs: Variety puts the movie's production budget alone at $200 million, making it seem likely that this fi… [+1390 chars]"
,GoNintendo,quence,Five Nights at Freddy's is now Blumhouse's highest grossing film of all time,Another video game adaptation success story,https://gonintendo.com/contents/29213-five-nights-at-freddy-s-is-now-blumhouse-s-highest-grossing-film-of-all-time,https://gonintendo.com/attachments/image/40034/file/medium-24520ca93ecc562cb18c77dde1d9c52b.png,2023-11-28T21:51:00Z,"Five Nights at Freddys started breaking records at the box office right out of the gate, when it became production studio Blumhouses biggest opening weekend of all time, as well as the biggest debut … [+756 chars]"
,Deadline,Armando Tinoco,‘The Hunger Games’ Star Rachel Zegler Recalls Meeting Jennifer Lawrence Jokingly Wanting To Strangle Her For Photo,"Rachel Zegler stars in The Hunger Games: The Ballad of Songbirds & Snakes and recently recalled an encounter she had with OG star Jennifer Lawrence. While making an appearance on The Kelly Clarkson Show, Zegler opened up about meeting Lawrence during the Chri…",https://deadline.com/2023/11/the-hunger-games-rachel-zegler-meeting-jennifer-lawrence-1235618635/,https://deadline.com/wp-content/uploads/2023/11/hunger-games-jennifer-lawrence-rachel-zegler.jpg?w=1024,2023-11-18T23:40:12Z,"Rachel Zegler stars in The Hunger Games: The Ballad of Songbirds &amp; Snakes and recently recalled an encounter she had with OG star Jennifer Lawrence.
While making an appearance on The Kelly Clark… [+1555 chars]"
,Cracked.com,Ian Garner,Five Things About ‘Five Night at Freddy’s’ That Don’t Suck... Thank God This List Doesn’t Go to Six,"By Ian Garner Published: November 11th, 2023",https://trivia.cracked.com/article_40173_five-things-about-five-night-at-freddys-that-dont-suck-thank-god-this-list-doesnt-go-to-six.html,https://s3.crackedcdn.com/phpimages/article/4/8/5/962485.jpg,2023-11-11T17:30:00Z,"For the better part of a decade, Five Nights at Freddys has been haunting kids and adults alike from behind their computer screens. The point-and-click game harkens back to the kind of thing youd pla… [+6723 chars]"
,/FILM,staff@slashfilm.com (Chris Evangelista),Stephen King's The Long Walk Becoming A Movie From Hunger Games Director Francis Lawrence,"A film adaptation of Stephen King&amp;#39;s The Long Walk has been kicking around for a few years, and now Hunger Games director Francis Lawrence is attached to helm.",https://www.slashfilm.com/1456871/the-long-walk-movie-francis-lawrence-stephen-king/,https://www.slashfilm.com/img/gallery/stephen-kings-the-long-walk-becoming-a-movie-from-hunger-games-director-francis-lawrence/l-intro-1701188734.jpg,2023-11-28T16:34:26Z,"While speaking with Business Insider, Francis Lawrence, director of ""The Hunger Games: The Ballad of Songbirds and Snakes,"" revealed that he's now set to helm a film adaptation of Stephen King's ""The… [+1963 chars]"
,Screen Rant,Brady Entwistle,"Ballad Of Songbirds & Snakes: ""Hanging Tree"" Origins & Katniss Connection Explained By Hunger Games Director",The Hunger Games: The Ballad of Songbirds &amp; Snakes director explains the origins of &quot;The Hanging Tree&quot; song and its connection to Katniss Everdeen.,https://screenrant.com/hunger-games-ballad-songbirds-snakes-hanging-tree-katniss/,https://static1.srcdn.com/wordpress/wp-content/uploads/2023/10/lucy-gray-singing.jpg,2023-11-26T15:47:50Z,"Summary
<ul><li> ""The Hanging Tree"" in The Hunger Games: The Ballad of Songbirds &amp; Snakes is revealed to be written by Lucy Gray, who witnessed a hanging at The Hanging Tree. </li><li> Katniss E… [+3857 chars]"
,Livejournal.com,polynucleotide,Weekend Box Office: The Marvels bombs,"Box Office: 'The Marvels' Misfires With $47 Million, Lowest MCU Opening Weekend of All Time https://t.co/zVOUZMETVg
— Variety (@Variety) November 12, 2023The Marvels may have nabbed top spot at the box office this weekend, but that point is the only good thi…",https://ohnotheydidnt.livejournal.com/127221213.html,https://l-stat.livejournal.net/img/sign.png,2023-11-12T17:25:05Z,"Box Office: 'The Marvels' Misfires With $47 Million, Lowest MCU Opening Weekend of All Time https://t.co/zVOUZMETVg
— Variety (@Variety) November 12, 2023
The Marvels may have nabbed top spot at th… [+1442 chars]"
,Screen Rant,Kayla Laguerre-Lewis,Lucy Gray's Last Line In Ballad Of Songbirds & Snakes Sets Up Katniss Defeating Snow 65 Years Later,"65 years before Katniss appeared in The Hunger Games, Lucy Gray said something in The Ballad of Songbirds &amp; Snakes that foreshadowed her importance.",https://screenrant.com/ballad-songbirds-snakes-lucy-gray-last-line-katniss-snow-setup/,https://static1.srcdn.com/wordpress/wp-content/uploads/2023/11/lucy_lastline_sets_up_katniss_defeating_snow.jpg,2023-11-29T14:05:13Z,"Summary
<ul><li> Lucy Gray's seemingly inconsequential line about digging up Katniss foreshadows Snow's downfall at the hands of Katniss herself. </li><li> The Ballad of Songbirds &amp; Snakes is se… [+4212 chars]"
,Screen Rant,Brennan Klein,The Hunger Games: The Ballad Of Songbirds & Snakes Box Office Nears Crucial Milestone Globally,"The Hunger Games: The Ballad of Songbirds and Snakes is still trailing behind previous entries, but nears an important box office milestone.",https://screenrant.com/hunger-games-ballad-songbirds-snakes-box-office-global-200-million/,https://static1.srcdn.com/wordpress/wp-content/uploads/2023/11/rachel-zegler-as-lucy-gray-baird-in-the-hunger-games-arena-in-the-hunger-games-the-ballad-of-songbirds-and-snakes.jpg,2023-11-26T19:21:24Z,"Summary
<ul><li> The Hunger Games: The Ballad of Songbirds and Snakes is nearing an important box office milestone with a global gross of $197.2 million. </li><li> The prequel movie has earned an ad… [+2784 chars]"
,Gizmodo.com,Artem Golub,Director Francis Lawrence on Making Netflix's BioShock Film,The Hunger Games director chats with io9 about the upcoming video game movie.,https://gizmodo.com/director-francis-lawrence-on-making-netflixs-bioshock-1851066328,"https://i.kinja-img.com/image/upload/c_fill,h_675,pg_1,q_80,w_1200/aa56273cdce7ccd0abecb1bec39b5af6.jpg",2023-12-04T17:50:00Z,"The Hunger Games director chats with io9 about the upcoming video game movie.
We may earn a commission from links on this page."
,/FILM,staff@slashfilm.com (Rafael Motamayor),"One Of The Most Striking Moments In Napoleon Kind Of Happened, But Not Really","Did The Battle of Austerlitz happen the way it is depicted in Ridley Scott&amp;#39;s new epic Napoleon? Well, not exactly.",https://www.slashfilm.com/1452618/one-of-the-most-striking-moments-in-napoleon-kind-of-happened/,https://www.slashfilm.com/img/gallery/one-of-the-most-striking-moments-in-napoleon-kind-of-happened-but-not-really/l-intro-1700595161.jpg,2023-11-23T16:00:13Z,"Sure, it'd be easy to criticize ""Napoleon"" for its historical inaccuracies, but the truth is that Napoleon's mind for logistics and organization isn't very cinematic. Besides, the sight of an army fa… [+1439 chars]"
,CBM (Comic Book Movie),JoshWilding,THE MARVELS Once Again Fails To Take Off At The Box Office Over Five-Day Thanksgiving Weekend,"There were hopes that The Marvels might recoup some of its losses over Thanksgiving, but it appears the Captain Marvel sequel's time making anything significant at the box office is already winding down...",https://comicbookmovie.com/captain-marvel/the-marvels/the-marvels-once-again-fails-to-take-off-at-the-box-office-over-five-day-thanksgiving-weekend-a208028,https://comicbookmovie.com/images/articles/banners/208028.jpg,2023-11-27T13:12:00Z,"The Marvels has proven to be a major box office disappointment for Marvel Studios, but it's far from the only movie to have significantly underperformed in November.
The Hunger Games: The Ballad of … [+2380 chars]"
,ComingSoon.net,Jeff Ames,Why Catching Fire is the Best Hunger Games Movie,"When The Hunger Games: Ballad of Songbirds & Snakes comes out this week, it’ll have some pretty big shoes to fill. Not only does it have to overcome the massive hole left behind by Jennifer Lawrence, whose performance in the original Hunger Games series catap…",https://www.comingsoon.net/movies/features/1404309-why-catching-fire-is-the-best-hunger-games-movie,"https://www.comingsoon.net/wp-content/uploads/sites/3/2023/11/lawrence.png?resize=1200,630",2023-11-16T23:00:00Z,"When The Hunger Games: Ballad of Songbirds &amp; Snakes comes out this week, itll have some pretty big shoes to fill. Not only does it have to overcome the massive hole left behind by Jennifer Lawren… [+6008 chars]"
ign,IGN,Jacob Kienlen,How to Watch the Hunger Games Movies in Chronological Order,Should you watch the prequel first?,https://www.ign.com/articles/the-hunger-games-movies-in-order,https://assets-prd.ignimgs.com/2022/04/28/mockingjay1118151280jpg-19b567-1651187649431.jpg?width=1280,2023-11-18T16:30:00Z,"In 2008 Suzanne Collins' unleashed The Hunger Games on the world, launching a bestselling book series that would become a globally beloved franchise. Continuing the legacy of satirical stories like B… [+8287 chars]"
,ComingSoon.net,Vansh Mehra,When Is Taylor Swift: The Eras Tour Movie Leaving Theaters & Cinemas?,"Hitting the theaters on October 13, 2023, the Taylor Swift: The Eras Tour movie has performed extremely well at the domestic and worldwide box office. But, soaring past its fourth weekend, many fans across the world are wondering when the Eras tour will leave…",https://www.comingsoon.net/guides/news/1393215-taylor-swift-the-eras-tour-movie-when-leaving-theaters-cinemas,"https://www.comingsoon.net/wp-content/uploads/sites/3/2023/11/taylor-swift-eras-tour-movie-leaving-theaters.jpg?resize=1200,630",2023-11-07T16:41:55Z,"Hitting the theaters on October 13, 2023, theTaylor Swift: The Eras Tour movie has performed extremely well at the domestic and worldwide box office. But, soaring past its fourth weekend, many fans a… [+1889 chars]"
,The A.V. Club,William Hughes,Let us all be thankful for Songbirds And Snakes at the Thanksgiving box office,"As far as holiday “weekends” go, American Thanksgiving has always been a bit of a weird one, box-office-wise. On the one hand, you have lots of people with a decent amount of free time suddenly sitting in their laps; on the other, a ton of cultural messaging …",https://www.avclub.com/let-us-all-be-thankful-for-songbirds-and-snakes-at-the-1851047413,"https://i.kinja-img.com/image/upload/c_fill,h_675,pg_1,q_80,w_1200/e85ddd645fad99092c83d1f2b9f9ab61.jpg",2023-11-25T20:37:00Z,"As far as holiday weekends go, American Thanksgiving has always been a bit of a weird one, box-office-wise. On the one hand, you have lots of people with a decent amount of free time suddenly sitting… [+1590 chars]"
,Instapundit.com,Sarah Hoyt,"HAH! THAT BUS IS LONG GONE, BOB:  Bob Iger throws ‘The Marvels’ under the bus. CHASER:  Bob","HAH! THAT BUS IS LONG GONE, BOB:  Bob Iger throws ‘The Marvels’ under the bus. CHASER:  Bob Iger Admits Disney “Made Too Many” Marvel Sequels – But Blames ‘The Marvels’ Poor Box Office Performance On A Lack Of “Supervision On The Set”.",https://instapundit.com/619938/,https://instapundit.com/wp-content/themes/instapundit/images/opengraph-default.png,2023-12-02T06:33:43Z,"InstaPundit is a participant in the Amazon Services LLC Associates Program, an affiliate advertising program designed to provide a
 means for sites to earn advertising fees by advertising and linkin… [+15 chars]"
,Digital Trends,Anthony Orlando,"The best MCU sequels, ranked","While The Marvels isn't one of them, the MCU has produced many great sequels over the years. DT ranks the 10 best Marvel sequels ever.",https://www.digitaltrends.com/movies/the-best-mcu-sequels-ranked/,https://www.digitaltrends.com/wp-content/uploads/2018/04/infinitywar5a4bb0e7cdea1.jpg?resize=1200%2C630&p=1,2023-11-11T17:00:28Z,"Some say the sequels aren’t as good as the original, but the Marvel Cinematic Universe has successfully produced many noteworthy sequels over the years.
Some of these follow-ups have even been label… [+7603 chars]"
cbc-news,CBC News,,"Finding room for carry-on baggage has become 'the Hunger Games' of air travel, analyst says","Airline industry insiders say passengers have become carried away with carry-on baggage, leading to costly delays. That’s prompting calls for changes to how airplanes charge for baggage, with some discount airlines like Sunwing and Spirit already beginning to…",https://www.cbc.ca/radio/costofliving/carry-on-baggage-carried-away-1.7035013,https://i.cbc.ca/1.7037822.1700765300!/fileImage/httpImage/image.jpg_gen/derivatives/16x9_620/airline-carry-on-baggage-overhead-bin-cabin-baggage-luggage.jpg,2023-11-25T09:00:00Z,"Flight attendant Cat Jones will never forget the day she spotted a woman carrying a wedding cake down the bridge to board her plane in Winnipeg.
When the passenger reached the door, Jones gently men… [+6555 chars]"
,IndieWire,Kate Erbland,"Vanessa Kirby Knows ‘Napoleon’ Is Funny, but That’s Only Part of the ‘Extreme’ World She Needed to Inhabit","The British actress steals the show in Ridley Scott's unhinged epic, and as she tells IndieWire, it's all part of her journey toward embracing what really excites her: the anti-hero.",https://www.indiewire.com/awards/consider-this/vanessa-kirby-napoleon-interview-1234930201/,https://www.indiewire.com/wp-content/uploads/2023/11/GettyImages-1793526104.jpg,2023-11-29T20:30:00Z,"[Editor’s note: The following interview contains some spoilers for Ridley Scott’s “Napoleon” — and the factual events on which it is based.]
“Napoleon” star Vanessa Kirby— cast in Ridley Scott’s spr… [+12462 chars]"
,/FILM,staff@slashfilm.com (Sandy Schaefer),"Is Napoleon Dynamite 2 Happening, Or Should We Just Enjoy Some Tots Without Him?","With Napoleon Dynamite coming up on its 20th anniversary, what are the odds of Jared Hess&amp;#39; cult hit getting a sequel? Here&amp;#39;s everything we know.",https://www.slashfilm.com/1437896/napoleon-dynamite-2-is-it-happening/,https://www.slashfilm.com/img/gallery/is-napoleon-dynamite-2-happening-or-should-we-just-enjoy-some-tots-without-him/l-intro-1699029505.jpg,2023-11-08T10:45:01Z,"Despite being the brainchild of two guys who went to Bringham Young University, ""Napoleon Dynamite"" isn't actually a Mormon film (although the Mormon film industry is a very real thing you can ventur… [+1487 chars]"
,Cracked.com,Ian Garner,Five Things About ‘Five Night at Freddy’s’ That Don’t Suck... Thank God This List Doesn’t Go to Six,"By Ian Garner Published: November 11th, 2023",https://trivia.cracked.com/article_40173_five-things-about-five-night-at-freddys-that-dont-suck-thank-god-this-list-doesnt-go-to-six.html,https://s3.crackedcdn.com/phpimages/article/4/8/5/962485.jpg,2023-11-11T17:30:00Z,"For the better part of a decade, Five Nights at Freddys has been haunting kids and adults alike from behind their computer screens. The point-and-click game harkens back to the kind of thing youd pla… [+6723 chars]"
,Deadline,Valerie Complex,"Scene 2 Seen Podcast: Mackenzie Lansing Discusses SAG Strike, And Auditioning For ‘Hunger Games: The Ballard Of Songbirds & Snakes’","Hello, and welcome to the Scene to Seen Podcast! I am Valerie Complex Associate editor and film writer at Deadline. Today, I’m chatting with actress Mackenzie Lansing who currently stars as Coral, District Four tribute in the latest Hunger Games: Ballad of So…",https://deadline.com/2023/12/scene-2-seen-mackenzie-lansing-discusses-sag-strike-auditioning-for-hunger-games-1235647407/,https://deadline.com/wp-content/uploads/2023/12/Mackenzie-Lansing.jpg?w=1024,2023-12-01T21:48:45Z,"Hello, and welcome to the Scene to Seen Podcast!
I am Valerie Complex Associate editor and film writer at Deadline. Today, I’m chatting with actress Mackenzie Lansing who currently stars as Coral, D… [+1418 chars]"
,Biztoc.com,thewrap.com,‘Hunger Games: Ballad of Songbirds and Snakes’ Earns $5.75 Million at Thursday Box Office,"“The Hunger Games: The Ballad of Songbirds and Snakes” began its domestic box office sprint with $5.75 million in Thursday preview showings. That’s well below, understandably, the $16 million earned via preview showings of “The Hunger Games: Mockingjay Part I…",https://biztoc.com/x/26dcc990cf6001fc,https://c.biztoc.com/p/26dcc990cf6001fc/s.webp,2023-11-17T17:08:51Z,"The Hunger Games: The Ballad of Songbirds and Snakes began its domestic box office sprint with $5.75 million in Thursday preview showings. Thats well below, understandably, the $16 million earned via… [+306 chars]"
,GameSpot,Eddie Makuch,Disney CEO Explains Why He Believes The Marvels Fell Short At The Box Office,"The newest MCU movie, The Marvels, debuted this month and had the slowest start at the box office in the history of the MCU. Disney CEO Bob Iger recently discussed the film's commercial shortcomings, saying the poor results were due, in part, to a lack of exe…",https://www.gamespot.com/articles/disney-ceo-explains-why-he-believes-the-marvels-fell-short-at-the-box-office/1100-6519574/,https://www.gamespot.com/a/uploads/screen_kubrick/1179/11799911/4228070-marvelslarge.jpeg,2023-11-30T13:42:00Z,"The newest MCU movie, The Marvels, debuted this month and had the slowest start at the box office in the history of the MCU. Disney CEO Bob Iger recently discussed the film's commercial shortcomings,… [+1825 chars]"
,Gizmodo.com,Sabina Graves,This Gift Guide Will Bring Marvel Merriment to Your Holiday Season,"Image: Marvel
The whole family can channel their favorite Marvel characters with gifts inspired by the heroes and villains of the MCU, Spider-Man films, Disney+ shows like Loki and Ms. Marvel, and ‘90s X-Men cartoon throwbacks. This holiday season, be merry …",https://gizmodo.com/marvel-studios-disney-marvel-comics-style-gift-guide-1851060065,"https://i.kinja-img.com/image/upload/c_fill,h_675,pg_1,q_80,w_1200/d38a646b9c213d28503f316759102dfb.jpg",2023-11-30T21:30:00Z,"The whole family can channel their favorite Marvel characters with gifts inspired by the heroes and villains of the MCU, Spider-Man films, Disney+ shows like Loki and Ms. Marvel, and 90s X-Men cartoo… [+342 chars]"
,The A.V. Club,The A.V. Club Bot,"The week in film: Thanksgiving's gory feast, and what's wrong with Marvel","Horror fans have been waiting more than a decade for Thanksgiving, director Eli Roth’s holiday slasher about a killer in a pilgrim mask terrorizing a small Massachusetts town. Ever since Roth’s fake trailer for the film showed up in Quentin Tarantino and Robe…",https://www.avclub.com/the-week-in-film-thanksgivings-gory-feast-and-whats-w-1851032497,"https://i.kinja-img.com/image/upload/c_fill,h_675,pg_1,q_80,w_1200/b8ae2aff62d916de3764a8edd330e89f.jpg",2023-11-18T15:00:00Z,"Horror fans have been waiting more than a decade for Thanksgiving, director Eli Roths holiday slasher about a killer in a pilgrim mask terrorizing a small Massachusetts town. Ever since Roths fake tr… [+5201 chars]"
,Biztoc.com,variety.com,"‘Napoleon’ Rules U.K., Ireland Box Office","Sony’s magnum opus “Napoleon,” directed by Ridley Scott, debuted atop the U.K. and Ireland box office with a regal £5.2 million ($6.6 million), according to numbers from Comscore. In its second weekend, Lionsgate’s “The Hunger Games: The Ballad Of Songbirds A…",https://biztoc.com/x/6455de2cead91236,https://c.biztoc.com/p/6455de2cead91236/s.webp,2023-11-28T12:54:08Z,"Sonys magnum opus Napoleon, directed by Ridley Scott, debuted atop the U.K. and Ireland box office with a regal £5.2 million ($6.6 million), according to numbers from Comscore.In its second weekend, … [+279 chars]"
,IndieWire,Jim Hemphill,"How Ridley Scott Shot ‘Napoleon,’ the Most Ambitious Epic of His Career, in 62 Days","The director and his collaborators talk about their approach to the large-scale action of ""Napoleon"" and the careful planning that made it come to life.",https://www.indiewire.com/features/craft/napoleon-movie-ridley-scott-battles-1234929020/,https://www.indiewire.com/wp-content/uploads/2023/11/M230928_SP004.jpg,2023-11-27T14:00:00Z,"Ridley Scott has been making ambitious historical films ever since his 1977 debut feature “The Duellists.” His latest, “Napoleon,” is both the apotheosis of his style and the beneficiary of 46 years … [+6177 chars]"
,The Atlantic,Isabel Fattal,"The Joys of Carole Lombard, Zadie Smith, and High-School Movies",Entertainment musts from Jennifer Senior,https://www.theatlantic.com/newsletters/archive/2023/11/the-joys-of-carole-lombard-zadie-smith-and-high-school-movies/676108/?utm_source=feed,,2023-11-26T13:00:00Z,"This is an edition of The Atlantic Daily, a newsletter that guides you through the biggest stories of the day, helps you discover new ideas, and recommends the best in culture. Sign up for it here.We… [+8739 chars]"
engadget,Engadget,Jeff Dunn,"The 41 best Cyber Monday gaming deals of 2023: PC accessories, consoles, monitors, games and more","Cyber Monday has brought a truckload of deals on gaming gear for PCs, PS5, Xbox and Nintendo Switch alike. As always, most of those offers aren't really deals at all — but if you want a hand in upgrading your setup, we've scoured the many sales happening arou…",https://www.engadget.com/the-41-best-cyber-monday-gaming-deals-of-2023-pc-accessories-consoles-monitors-games-and-more-224313947.html,https://s.yimg.com/ny/api/res/1.2/Tt6u.4uwiQYYxgccs7wVqA--/YXBwaWQ9aGlnaGxhbmRlcjt3PTEyMDA7aD03MjE-/https://s.yimg.com/os/creatr-uploaded-images/2023-11/480c7180-8c88-11ee-9bff-519ef6e6e2fa,2023-11-27T22:43:13Z,"Cyber Monday has brought a truckload of deals on gaming gear for PCs, PS5, Xbox and Nintendo Switch alike. As always, most of those offers aren't really deals at all but if you want a hand in upgradi… [+33576 chars]"
,Screen Rant,Sarah Little,Why Does Lucy Gray Baird Have A Southern Accent In Ballad Of Songbirds & Snakes?,"Rachel Zegler plays Lucy Gray Baird with a Southern accent in The Hunger Games: The Ballad of Songbirds &amp; Snakes, and some are curious why.",https://screenrant.com/ballad-songbirds-snakes-lucy-gray-baird-accent-explained/,https://static1.srcdn.com/wordpress/wp-content/uploads/2023/10/hunger-games-ballad-songbirds-snakes-lucy-gray-history-actress-explained-1.jpg,2023-12-03T17:35:14Z,"Summary
<ul><li> Lucy Gray's Southern accent in the movie was likely a deliberate choice, adding to the charm and folksy nature of her character in the story. </li><li> Her accent could be explained… [+3414 chars]"
,Screen Rant,Brennan Klein,The Hunger Games: The Ballad Of Songbirds & Snakes Box Office Nears Crucial Milestone Globally,"The Hunger Games: The Ballad of Songbirds and Snakes is still trailing behind previous entries, but nears an important box office milestone.",https://screenrant.com/hunger-games-ballad-songbirds-snakes-box-office-global-200-million/,https://static1.srcdn.com/wordpress/wp-content/uploads/2023/11/rachel-zegler-as-lucy-gray-baird-in-the-hunger-games-arena-in-the-hunger-games-the-ballad-of-songbirds-and-snakes.jpg,2023-11-26T19:21:24Z,"Summary
<ul><li> The Hunger Games: The Ballad of Songbirds and Snakes is nearing an important box office milestone with a global gross of $197.2 million. </li><li> The prequel movie has earned an ad… [+2784 chars]"
,ComingSoon.net,Jeff Ames,The Hunger Games Movies Ranked Following Songbirds & Snakes,"A new Hunger Games movies is upon us, for better or worse, which means it is time to look back on the successful young adult franchise and rank the movies starring Jennifer Lawrence, Josh Hutcherson, Liam Hemsworth, Elizabeth Banks, Woody Harrelson, and many …",https://www.comingsoon.net/movies/features/1407210-the-hunger-games-movies-ranked-following-songbirds-snakes,"https://www.comingsoon.net/wp-content/uploads/sites/3/2023/08/The-Hunger-Games-The-Ballad-of-Songbirds-and-Snakes.jpg?resize=1200,630",2023-11-20T23:00:00Z,"A new Hunger Games movies is upon us, for better or worse, which means it is time to look back on the successful young adult franchise and rank the movies starring Jennifer Lawrence, Josh Hutcherson,… [+5256 chars]"
,IndieWire,Tom Brueggemann,"In the ‘Hunger Games’ of Box Office, ‘Napoleon’ and ‘Wish’ Fall Short of #1 on a Holiday Weekend","Ridley Scott's epic surprisingly topped Disney Animation's latest for #2. Netflix may not be willing to acknowledge it, but ""Maestro"" may represent its best platform opening in years.",https://www.indiewire.com/news/box-office/box-office-hunger-games-napoleon-wish-1234929402/,https://www.indiewire.com/wp-content/uploads/2023/11/M230928_SP006.jpg,2023-11-26T18:57:35Z,"Thanksgiving weekend is normally one of the top-grossing dates. This year, not so much. The debut of two $200 million productions and a second weekend of adequate performance from the “Hunger Games” … [+6813 chars]"
,The A.V. Club,Sam Barsanti,May the weekend box office be ever in The Ballad Of Songbirds And Snakes’ favor,"After a couple of slow weekends at the domestic box office, things have bounced back nicely thanks to four pretty big new releases that mostly did okay (and one movie with a limited rollout that did relatively good). The biggest of those big new releases is H…",https://www.avclub.com/ballad-of-songbirds-and-snakes-weekend-box-office-1851034814,"https://i.kinja-img.com/image/upload/c_fill,h_675,pg_1,q_80,w_1200/19700a7e4f9abc1bf131bcd0f0a88918.jpg",2023-11-19T22:10:00Z,"After a couple of slow weekends at the domestic box office, things have bounced back nicely thanks to four pretty big new releases that mostly did okay (and one movie with a limited rollout that did … [+1551 chars]"
,The A.V. Club,Peter Scobel,The Hunger Games: The Ballad of Songbirds & Snakes: what to watch before the new movie,"In the latest episode of Binge Club, our experts tell you everything you need to watch ahead of the newest Hunger Games flick",https://www.avclub.com/the-hunger-games-the-ballad-of-songbirds-snakes-wha-1851022189,"https://i.kinja-img.com/image/upload/c_fill,h_675,pg_1,q_80,w_1200/09f6d1603453cec8aacb2c7a745c19dd.png",2023-11-14T21:34:54Z,"In the latest episode of Binge Club, our experts tell you everything you need to watch ahead of the newest Hunger Games flick
We may earn a commission from links on this page."
,Playstation.com,Kristen Zitani (she/her),Share of the Week: Marvel’s Spider-Man 2 – Miles Morales,"Last week, we asked you to share pictures of Miles Morales moving through the world of Marvel’s Spider-Man 2 using #PSshare #PSBlog. Here are this week’s highlights: calisarah1998 shares Miles shooting webs wearing the Shadow-Spider Suit FrameCaptureVP shares…",https://blog.playstation.com/2023/11/17/share-of-the-week-marvels-spider-man-2-miles-morales/,https://blog.playstation.com/tachyon/2023/11/729be85af19ff18d3f089b9503afdaa23dcaada0.jpg,2023-11-17T17:00:21Z,"Last week, we asked you to share pictures of Miles Morales moving through the world of Marvels Spider-Man 2 using #PSshare #PSBlog. Here are this weeks highlights:
calisarah1998shares Miles shooting… [+849 chars]"
,/FILM,staff@slashfilm.com (Jeremy Mathai),The Marvels Pays Off The Worst Part Of Secret Invasion Ending (Kind Of),"Secret Invasion never really explained why Skrulls couldn&amp;#39;t have a place of their own on Earth like New Asgard, and The Marvels actually rectifies that.",https://www.slashfilm.com/1441875/the-marvels-kinda-pays-off-worst-part-secret-invasion-ending/,https://www.slashfilm.com/img/gallery/the-marvels-pays-off-the-worst-part-of-secret-invasion-ending-kind-of/l-intro-1699469113.jpg,2023-11-10T19:00:00Z,"Warning: This article contains spoilers for ""The Marvels.""
Leave it to the Marvel Cinematic Universe to use their 33rd film in the franchise as a sequel (of sorts) to several properties across multi… [+1625 chars]"
,Biztoc.com,thewrap.com,‘Hunger Games’ Leads Slow Thanksgiving Box Office With $40 Million 5-Day Total,"The Thanksgiving box office will see improvements from last year’s poor returns, but are still far from pre-pandemic levels as Disney’s “Wish” and Sony/Apple’s “Napoleon” are estimated to open to less than $35 million over five days, allowing Lionsgate’s “The…",https://biztoc.com/x/fca95cbb217184fe,https://c.biztoc.com/p/fca95cbb217184fe/s.webp,2023-11-25T16:56:08Z,"The Thanksgiving box office will see improvements from last years poor returns, but are still far from pre-pandemic levels as Disneys Wish and Sony/Apples Napoleon are estimated to open to less than … [+284 chars]"
,CBR - Comic Book Resources,Jon Mendelsohn,Hunger Games – The Ballad of Songbirds and Snakes Review,"This Hunger Games prequel provides intriguing performances and some insight into the early days of Panem, but fails to keep the momentum throughout.",https://www.cbr.com/hunger-games-songbirds-and-snakes-review/,https://static1.cbrimages.com/wordpress/wp-content/uploads/2023/11/hunger-games-the-ballad-of-songbirds-and-snakes-main-characters.jpg,2023-11-16T17:35:16Z,"In 2012, a little film based on a YA book series by Suzanne Collins was released to the world. The Hunger Games became a worldwide cinematic phenomenon and catapulted its leading actress, Jennifer La… [+8842 chars]"
,Nerdist,Rotem Rusak,THE HUNGER GAMES: THE BALLAD OF SONGBIRDS AND SNAKES Centers a Predictable Villain While Its Side Characters Shine,"The Hunger Games: The Ballad of Songbirds and Snakes focused on a fairly predictable villain origin story while its side characters shone.
The post THE HUNGER GAMES: THE BALLAD OF SONGBIRDS AND SNAKES Centers a Predictable Villain While Its Side Characters Sh…",https://nerdist.com/article/the-hunger-games-the-ballad-of-songbirds-and-snakes-review-prequel-movie-delivers-predictable-villain-origin-story/,https://legendary-digital-network-assets.s3.amazonaws.com/wp-content/uploads/2023/05/23103341/The-Hunger-Games-a-Ballad-of-Songbirds-and-Snakes-Lucy-Gray-Baird-and-Coriolanus-Snow.jpg,2023-11-09T19:00:00Z,"An origin story for a true villain is always a complicated prospect, a fine needle to thread. When The Hunger Games: TheBallad of Songbirds and Snakes was first announced, the chief question for me w… [+6913 chars]"
,ComingSoon.net,Brandon Schreur,Old Time Hockey: Hunger Games’ Gary Ross Tapped to Direct New Sports Movie,"Seabiscuit and The Hunger Games director Gary Ross is tapped to direct Old Time Hockey for Skydance Sports.
The post Old Time Hockey: Hunger Games’ Gary Ross Tapped to Direct New Sports Movie appeared first on ComingSoon.net - Movie Trailers, TV & Streaming N…",https://www.comingsoon.net/movies/news/1421557-old-time-hockey-hunger-games-gary-ross-tapped-to-direct-new-sports-movie,"https://www.comingsoon.net/wp-content/uploads/sites/3/2023/11/Screenshot_2023-11-29_at_10.38.54_AM_1200x675-10.jpg?resize=1200,630",2023-11-30T20:51:56Z,"The Hunger Games Gary Ross will direct a new sports movie, Old Time Hockey, for Skydance Sports.
Per Deadline, Ross has been tapped to direct Old Time Hockey, an original sports film featuring a scr… [+1549 chars]"
,/FILM,staff@slashfilm.com (Valerie Ettenhofer),Ridley Scott's Napoleon Rides To A $33 Million Debut At The Thanksgiving Box Office,"Napoleon is battling Disney&amp;#39;s Wish for second place at the Thanksgiving box office, as Apple Original Films makes another bid for awards season prestige.",https://www.slashfilm.com/1455013/ridley-scott-napoleon-thanksgiving-box-office/,https://www.slashfilm.com/img/gallery/ridley-scotts-napoleon-rides-to-a-33-million-debut-at-the-thanksgiving-box-office/l-intro-1700939359.jpg,2023-11-25T19:17:21Z,"The film's initial haul is nothing to sneeze at, but it's also still far from recouping its costs: Variety puts the movie's production budget alone at $200 million, making it seem likely that this fi… [+1390 chars]"
,IndieWire,Tom Brueggemann,"$9 Billion Box Office in 2023? After a November Like This One, Don’t Be Sure","Warner Bros. has three major releases, but combined they're unlikely to match the December impact of ""Avatar: The Way of Water.""",https://www.indiewire.com/news/box-office/wonka-aquaman-2023-box-office-9-billion-1234930190/,https://www.indiewire.com/wp-content/uploads/2023/11/M230915_WB006.jpg,2023-11-29T14:00:00Z,"For months, it seemed near certain that domestic box office for 2023 would surpass $9 billion — even after strike-related delays meant losing as much as $500 million in potential gross. To be sure, $… [+3942 chars]"
,Gizmodo.com,James Whitbrook,"Damn, What Does Disney Have Against Nia DaCosta?","The Marvels is likely going to end up one of Marvel Studios’ worst-performing films in a considerable period of time—and at a time when people are largely questioning the direction of a franchise that has dominated cinema for 15 years, that’s not an ideal bit…",https://gizmodo.com/the-marvels-bob-iger-nia-dacosta-mcu-disney-marvel-1851061428,"https://i.kinja-img.com/image/upload/c_fill,h_675,pg_1,q_80,w_1200/5f3731673c0dffcd1a16c78c8ffc961c.png",2023-11-30T16:30:00Z,The Marvelsis likely going to end up one of Marvel Studios worst-performing films in a considerable period of timeand at a time when people are largely questioning the direction of a franchise that h… [+4449 chars]
,IndieWire,Alison Foreman,Fact Checking Flerken Mating Patterns in ‘The Marvels’: Are Kittens Even Cute Anymore?,"Goose may be the crowning jewel in the “Captain Marvel” legacy, but the decision to make her inexplicably multiply for the sequel flies in the face of pop culture clichés — and feels painfully 2019.",https://www.indiewire.com/features/commentary/the-marvels-baby-flerkens-cute-sidekick-criticism-1234925519/,https://www.indiewire.com/wp-content/uploads/2023/11/Flerkens.png,2023-11-12T15:00:00Z,"[Editor’s note: The following contains spoilers for “The Marvels.”]
“The Goose is loose!” That’s something I’d like to think was said by one or more of Nick Fury’s crew members upon discovering that… [+4379 chars]"
,Space.com,Fran Ruiz,'The Marvels' review: A chaotic cosmic headache,"Marvel Studios' latest movie, The Marvels, exhibits all the symptoms of a rusty creative process. Despite some sparse bursts of charm, it lacks quality control.",https://www.space.com/the-marvels-review,https://cdn.mos.cms.futurecdn.net/yQA59729qsQbupbeLoWcj9-1200-80.jpg,2023-11-10T14:59:10Z,"Space is part of Future US Inc, an international media group and leading digital publisher. Visit our corporate site.
©
Future US, Inc. Full 7th Floor, 130 West 42nd Street,
New York,
NY 10036."
,/FILM,staff@slashfilm.com (Ryan Scott),Can The Hunger Games Prequel Recapture The YA Box Office Magic For Lionsgate?,"After eight years, there&amp;#39;s a new Hunger Games movie heading to theaters. How will The Ballad of Songbirds and Snakes perform relative to the original films?",https://www.slashfilm.com/1441025/hunger-games-prequel-the-ballad-of-songbirds-and-snakes-box-office/,https://www.slashfilm.com/img/gallery/can-the-hunger-games-prequel-recapture-the-ya-box-office-magic-for-lionsgate/l-intro-1699392222.jpg,2023-11-11T19:45:49Z,"After nearly a decade, one of the biggest YA franchises is making its return to the big screen. Lionsgate couldn't have jumped faster when author Suzanne Collins announced a prequel novel to her smas… [+1584 chars]"
ign,IGN,IGN BRANDED,Napoleon Review,Ridley Scott’s biopic of the French emperor hides a funny character study inside a so-so historical epic.,https://www.ign.com/articles/napoleon-review-joaquin-phoenix-ridley-scott-apple,https://assets-prd.ignimgs.com/2023/11/20/napoleon-blogroll-1700494710928.jpeg?width=1280,2023-11-20T16:00:06Z,"Napoleon opens in theaters Wednesday, November 22.
Imagine how Napoleon Bonaparte would feel if he could somehow learn the definition of Napoleon complex. The French commander who conquered half of … [+6357 chars]"
,Playstation.com,Ray McCaffrey,Five Nights at Freddy’s: Help Wanted 2 seeks new employees December 14,"I’m Ray McCaffrey, executive producer from Steel Wool Studios, and I speak for our entire time when I say that we’re thrilled to finally give y’all a sneak preview of what you’ll be able to expect in Five Nights at Freddy’s: Help Wanted 2. We will cover the o…",https://blog.playstation.com/2023/11/20/five-nights-at-freddys-help-wanted-2-seeks-new-employees-december-14/,https://blog.playstation.com/tachyon/2023/11/3bcd26b84374a1adf141455184b9bb663735bba5.jpg,2023-11-20T18:01:37Z,"Im Ray McCaffrey, executive producer from Steel Wool Studios, and I speak for our entire time when I say that were thrilled to finally give yall a sneak preview of what youll be able to expect in Fiv… [+3928 chars]"
,Rolling Stone,CT Jones,Audiences Were Losing Faith in YA Films. These Authors Proved Them Wrong,YA authors tell Rolling Stone fan bases have always understood their books — it was the film and TV industry that needed to learn a few lessons.,https://www.rollingstone.com/culture/culture-features/hunger-games-ballad-of-songbirds-percy-jackson-ya-fiction-1234892786/,https://www.rollingstone.com/wp-content/uploads/2023/11/young-adult-fiction.jpg?crop=0px%2C62px%2C1800px%2C1014px&resize=1600%2C900,2023-11-25T15:40:17Z,"YA is dead — at least, that was one prevailingthought after a string of popular young adult books failed to garner success on screens in 2016.  Studio executives blamed the slew of unsuccessful adapt… [+7991 chars]"
